comment,date,score,user,title
이야기가 산으로 간다는 분들 이해못하겠음..의미있는 작품인듯 합니다..유종의 미를 거두시길~,2014-08-29,10.0,ciel,65653
죄송합니다. 잼이 없습니다.,2014-08-29,1.0,딸랑엄마,65653
열혈애청하고있지만 얘기가 산으로 가는거같고 갑신정변으로 스케일을키웠다라지만 어째~ 큰재미로는 와닿지가 않네요~역사적 갑신정변이실패해서 더욱 그러한가 -.- 여튼 본방사수~~,2014-08-29,9.0,초대,65653
정말 스토리가 갈수록 산으로 가는구나 ㅡ. ㅡ,2014-08-29,2.0,뿌빠뽀빠,65653
퓨전사극은 정말 다 싫다.,2014-08-29,0.0,참소주,65653
모두가 꿈꾸는 세상..그런 세상은 지금 이 시대에도 없는거구나...,2014-08-29,10.0,포병,65653
다음주면끝!~!~!~끝마무리잘하시고!!!!!!!!!!!!!!!!!!!!!!!!!!!!!!이준기씨빨리다음드라마출연해주세요이준기씨!!!!!!!!!!!!!!!!!!!!!!!!!!!!!!!!!!!!!!!!!!!!!!!제발!!!!!!!!!!!!!!!!!!!!!!!!!!!!!!!!!!!!!!!!!!!!!!!!,2014-08-29,10.0,나근영,65653
오늘 너무 가슴 아팠습니다ㅜ 제발 윤수커플 잘되기를,2014-08-28,10.0,신지,65653
와.. 진짜 오랜만에 드라마에 푹빠지게 한작품이네요~ 배우들의 명품연기도 최고! 마지막까지 조선총잡이 파이팅입니다!!,2014-08-28,10.0,그린비,65653
"윤수 커플 실제로도 너무 잘 어울려요~방송 끝나고도 오누이, 연인처럼 오래도록 친하게 지냈으면 좋겠어요~~ 드라마 끝나고 땡~~~사라지지말기를!!",2014-08-28,10.0,joy,65653
윤수커플 눈물은 오늘까지... 다음주엔 화끈하게 달달하게 유종의 미를 거둡시다,2014-08-28,10.0,eldass,65653
넘 좋아요 대박,2014-08-28,10.0,ssss,65653
작가의 힘이 부족한 드라마지만 이준기남상미가 빛나는드라마 조선총잡이.,2014-08-28,10.0,라임,65653
마지막이 다가온다니 슬프네요,2014-08-28,10.0,동실,65653
당연히 오늘도 본방사수입니다.다음주면 막방이네요. 조선의 연인이 행복한 모습 보고 싶네요..,2014-08-28,10.0,조선총잡이,65653
전에 살인의추억 보며 참잘만들었다 했는데 역사적 사실을 상상력으로 카바하는기법 이작가는 죽었다 깨나도 힘들껄,2014-08-28,0.0,jan,65653
마지막까지 fighting!!!,2014-09-03,10.0,LINY,65653
헐오늘하고내일하면끝나네^^오늘이랑내일운널사볼거야,2014-09-03,10.0,씨엔블루  이혁  이승기,65653
"이준기, 남상미...두 분덕에 너무 즐거웠던 수,목이었습니다.감사했어요!",2014-09-03,10.0,히미츠와필교,65653
막방 앤딩이 너무 기대!유오성 이준기 남상미!!!그대들의 이름은 명품!!!,2014-09-02,10.0,joy,65653
마지막까지 fighting!!!,2014-09-03,10.0,LINY,65653
헐오늘하고내일하면끝나네^^오늘이랑내일운널사볼거야,2014-09-03,10.0,씨엔블루  이혁  이승기,65653
"이준기, 남상미...두 분덕에 너무 즐거웠던 수,목이었습니다.감사했어요!",2014-09-03,10.0,히미츠와필교,65653
막방 앤딩이 너무 기대!유오성 이준기 남상미!!!그대들의 이름은 명품!!!,2014-09-02,10.0,joy,65653
조선총잡이 이번주 막방까지 본방사수!!,2014-09-02,10.0,모양세,65653
"시대적 배경이... 해피엔딩이 절대 나올수 없는 상황인것 같다... 우리나라 근현대사는 너무 슬프다....이래서 시대물은 가슴이 아파 안보는데... 서울1945때도, 여명의 눈동자때도 가슴이 먹먹해서 한동안 슬펐는데.... 흑.....배우들이 연기와 화면에 빠져 보기 시작했는데...  이제 슬퍼할 일만 남았구나..",2014-08-28,10.0,줌마렐라,65653
조총 막방까지 화이팅입니다!!,2014-08-28,10.0,아궁궁,65653
오늘도 조선총잡이 홧팅!!,2014-08-28,10.0,모양세,65653
"윤강이와 수인이의 애절한 사랑,,,,눈물난다....ㅜㅜ",2014-08-28,10.0,카라,65653
조선총잡이 이번주 막방까지 본방사수!!,2014-09-02,10.0,모양세,65653
이준기 짱!!,2014-09-02,10.0,HGRJH,65653
조선총잡이 명품 연기자들! 명품드라마 확실합니다!!! 중반 어색한 대사로 불편했으나..!!,2014-09-01,10.0,joy,65653
마지막까지 명품드라마 탄생 기원!,2014-09-01,10.0,모양세,65653
"그동안 매주 수목일마다 달픈커플 만나는 낙으로 살았는데... 아우 넘 아쉽다... 막방까지 회이팅하자.. 남상미 이준기 외 모든 연기자, 스텝분들 넘 고맙고 감사해요..",2014-09-01,10.0,눈꽃,65653
마지막까지 힘내서 화이팅,2014-09-01,10.0,zfksfk,65653
마지막까지 화이링~^^,2014-09-01,10.0,ciel,65653
막방 본방사수..으~리! 막방후... 후유증을 어찔 할꼬~,2014-09-01,10.0,조선총잡이,65653
"이번주 마지막 2회만 남기고 있네, 헐~ 조선총잡이 대박, 이준기 너는 러브!",2014-09-01,10.0,수기얌,65653
조선총잡이 fighting,2014-08-31,10.0,푸치니,65653
한조윤강만월의흑포수이준기 너는 러브!!!!!!,2014-08-31,10.0,노팅,65653
이번주면 마지막이네ㅠㅠ..끝까지 파이팅ㅎㅎ,2014-08-31,10.0,joy,65653
윤수커플 대박~!,2014-08-31,10.0,penny,65653
한조 너는 러브,2014-08-31,10.0,레이마르,65653
이준기 짱!!,2014-09-02,10.0,HGRJH,65653
조선총잡이 명품 연기자들! 명품드라마 확실합니다!!! 중반 어색한 대사로 불편했으나..!!,2014-09-01,10.0,joy,65653
마지막까지 명품드라마 탄생 기원!,2014-09-01,10.0,모양세,65653
"그동안 매주 수목일마다 달픈커플 만나는 낙으로 살았는데... 아우 넘 아쉽다... 막방까지 회이팅하자.. 남상미 이준기 외 모든 연기자, 스텝분들 넘 고맙고 감사해요..",2014-09-01,10.0,눈꽃,65653
마지막까지 힘내서 화이팅,2014-09-01,10.0,zfksfk,65653
마지막까지 화이링~^^,2014-09-01,10.0,ciel,65653
막방 본방사수..으~리! 막방후... 후유증을 어찔 할꼬~,2014-09-01,10.0,조선총잡이,65653
"이번주 마지막 2회만 남기고 있네, 헐~ 조선총잡이 대박, 이준기 너는 러브!",2014-09-01,10.0,수기얌,65653
조선총잡이 fighting,2014-08-31,10.0,푸치니,65653
한조윤강만월의흑포수이준기 너는 러브!!!!!!,2014-08-31,10.0,노팅,65653
이번주면 마지막이네ㅠㅠ..끝까지 파이팅ㅎㅎ,2014-08-31,10.0,joy,65653
윤수커플 대박~!,2014-08-31,10.0,penny,65653
한조 너는 러브,2014-08-31,10.0,레이마르,65653
마지막까지 홧팅!!^^*,2014-08-31,10.0,니르바나,65653
마지막까지 홧팅!!^^*,2014-08-31,10.0,니르바나,65653
조총 짱~~~,2014-08-31,10.0,alempt,65653
조총 짱~~~,2014-08-31,10.0,alempt,65653
오늘은 조총데이~~!!! 본방사수,2014-08-20,10.0,백화영원,65653
조선총잡이 데이!!! 본방사수^^,2014-08-20,10.0,조선총잡이,65653
조선총잡이 데이!!,2014-08-20,10.0,모양세,65653
이준기가 뭐라고 이리 좋을까요 ^^,2014-08-20,10.0,동실,65653
이준기가없는드라마는지옥!!!!!!!!!!!!!!!!!!!!!!!!!!!!!!!!!!!!!!!!!!!!!!!!!!,2014-08-20,10.0,나근영,65653
이준기 없는 조총은 상상이 안돼~~연기 신 내림!! 조선총잡이 화이팅!!!,2014-08-19,10.0,서블리버블리,65653
이번주 마지막이라 아쉽네,2014-08-31,10.0,landhk,65653
조선총잡이 화이팅!,2014-08-31,10.0,zfksfk,65653
조선총잡이 마지막까지 화이팅!!,2014-08-31,10.0,백화영원,65653
21회 예고편 윤수커플 해피앤딩 화면 꿈 아닌가요?,2014-08-31,10.0,joy,65653
여주 맘에 안듬 혜원 ㅂㅔ리굿~,2014-08-25,5.0,뽀글린,65653
18회!!!!!!! 진짜 재미엇어요. 만월의 흑포수 쫭!!bb,2014-08-23,10.0,백화영원,65653
얼마 안 남았어 ㅜㅜ 이준기 유오성 최고임,2014-08-23,10.0,티엔,65653
조선총잡이 화이팅!!!,2014-08-19,10.0,alempt,65653
빨리 내일이 오길 기다리고 있습니다~~~,2014-08-19,10.0,동실,65653
조선총잡이 홧팅!!,2014-08-19,10.0,모양세,65653
당시 조총(화승총)은 비오는 날에는 쏠 수 가 없는데.. 첫화부터 고증이 너무 안되어있네요..,2014-08-19,5.0,유지니,65653
명품주연들을 위한 명품조연들이 있어 더욱 빛납니다 조총조총!!!! 작가님도 더욱 화띵!!,2014-08-19,10.0,joy,65653
다 빼고 이배우땜에 만점~~,2014-08-18,10.0,loveyun,65653
조선총잡이 재미있어요~ 17화도 기대합니다.,2014-08-18,10.0,조선총잡이,65653
윤수커플 남은 6회 더욱 기대됩니다  더 재미있게 해줄거라 기대~~~,2014-08-18,10.0,joy,65653
조선총잡이 남은 횟차도 응원합니다.,2014-08-17,10.0,모양세,65653
막장이 판치는 세상에..재미와 의미를 주는 드라마^^응원합니다.,2014-08-17,10.0,대한민국,65653
너무 재밌게 잘보고 있습니당~!~!~!,2014-08-16,10.0,해롱이,65653
잼 없어;;;;,2014-08-16,0.0,O0환상의커플O0,65653
나의 조선총잡이 화이팅~~~,2014-08-31,10.0,신지,65653
이제얼마안남았네요...ㅠ♥준기오빠 힘내요♥,2014-08-31,10.0,이뿌니_퓨링이,65653
막방까지 조선총잡이 홧팅!!,2014-08-31,10.0,모양세,65653
보통 드라마들은 이야기의 전개흐름이 뒤죽박죽이어서 난잡한데 이 드라마는 그렇지가 않은 것 같습니다. 주연이나 조연들의 연기도 괜찮고 카메라구도가 잘 잡혀져있고 인물들의 역할들이 분명하게 나타나는 것 같습니다. 10점 줘도 괜찮다고 생각합니다.,2014-08-31,10.0,WAMs,65653
"쭈~욱 간다! 1위 마지막 대본이 나왔다는데...해피는 아니고 새드앤딩일거 같지만, 그래도 배우들은 드라마가 끝나면 다시 살아나니까 조선총잡이 쫑파티때 다시 볼수 있어 기대됩니다!!!",2014-08-30,10.0,joy,65653
벌써 2회밖에 안남았네요. 해피엔딩이면 좋겠어요 끝까지 본방사수 할께요,2014-08-30,10.0,고소미,65653
2회 남았네요 끝까지 본방사수 하겠습니다. 조선총잡이 홧팅!!,2014-08-30,10.0,모양세,65653
이준기와 남상미 그리고 유오성 전혜빈  그리고 다른 탈랜트분들이 열연하는 모습이 진지하고극본도 지루하지 않고 재미있게 잘 꾸며진듯 합니다.특히 이준기와 남상미의 애틋한 사랑 이야기는 연기가 훌륭하기도 해서 재미있게 잘 보고 있습니다.악역을 맡은 유오성님의 연기에도 박수를 보냅니다,2014-08-29,10.0,클라라,65653
조선총잡이 결말을 아련하게 남을 수 있게 해주세요...조선총잡이의 여운이 남도록!! 윤수커플도 아름다웠다고 회상할수있도록!!!,2014-08-29,10.0,joy,65653
2회 남았는데 마무리 잘 해주세요.작가님!조선총잡이 화이팅!!,2014-08-29,10.0,레몬빛 향기,65653
조총 마지막까지 화이팅!!,2014-08-29,10.0,alempt,65653
막방까지 조선총잡이 홧팅!!,2014-08-29,10.0,모양세,65653
달픈커플 윤강수인 결말은 해피하게~ 남은 2회 윤강수인 웃는얼굴 보고싶습니다.두달 조선총잡이 보는 재미로 행복했습니다^^,2014-08-29,10.0,승리,65653
정말 재미있습니다. 2회남은게 아쉽지만.. 조총조총.. 기대합니다.,2014-08-29,10.0,조선총잡이,65653
박윤강 히어로  스토리 한조의 슈트액션 멋쪘어요.  이준기 연기도 잘하지만  역시 영웅물의 묘미는 액션  권총  액션 무술신 다 간지나요.18회보다 더 업하는 영웅스토리  19회 기다립니다. 이번 회차 상남자 느낌이 확 와서 더 좋았어요. 간만에 짜릿했네요.,2014-08-23,10.0,공작왕1,65653
남상미 연기 소름돗는다!!! 예쁜 얼굴 돗보이게 옷이 날개라는데 예쁜옷도 입혀주세요~~너무 상복에 상궁옷만 말고!!!!,2014-08-23,10.0,joy,65653
최고의 드라마,2014-08-23,10.0,모양세,65653
"올해 본 최고의 드라마! 
남여 주인공이 너무 잘 어울려서 푹 빠져 시청 중입니다. 마지막까지 힘내서 촬영해 주세요!",2014-08-23,10.0,kkoyo,65653
솔직히 남상미 넘 못생겼다.   여주인공 캐스팅 미스인거 같다.   이준기가 졸라 아깝다.,2014-08-23,9.0,청출어람,65653
이준기 배우 이번에 다시 봤습니다.  앞으로가 더 기대되는 연기자인것 같습니다.  화이팅 하세요!!,2014-08-22,10.0,하얀음표,65653
한조상과 윤강의 매력에 풍덩 빠져서 지내요..,2014-08-22,10.0,준향,65653
너무 재밌어요~수인언니 궁녀 되지 마세요ㅠㅠ 제발 해피엔딩으로 끝나게 해주세요~!,2014-08-22,10.0,루냥_,65653
조선총잡이 꿀잼!!,2014-08-22,10.0,모양세,65653
아~ 너무 재밌어요~~ 어제도 재밌고~ 남은회차는 더 재밌기를~~~!!!!,2014-08-22,10.0,붉은노을,65653
수인이 절대 궁녀되면 안되~~작가님들 들으시오 4회남았소 아쉬움이 남지 안는 조선총잡이로.......윤강수인 해피해피해주시오,2014-08-22,10.0,승리,65653
빛그부터상미나오면무조건안보는데완전답답질려버렸음빛그에서알았는데골수팬이있어좋은댓글달며 공론인양조장함 팬심?소속사? 스폰서? 아뭏든의심스러움,2014-08-22,1.0,신금숙,65653
조총 잘보고 있습니다..끝까지 본방사수 하겠습니다..조총 화이팅~,2014-08-22,10.0,신지,65653
오늘도 조총하는 날이구나.. 어제는 증말 수인과 윤강의 이별 때문에 넘 슬퍼다. 수인이 궁녀라도 꼭 윤강이와 사랑 이뤄주길 바란다. 조총 끝나는 날까지 남상미 이준기 두배우 많이 응원하고 격하게 사랑한다.,2014-08-28,10.0,눈꽃,65653
"예나 그제나 나라돌아가는 꼴은 참 비슷하구나. 윤강이 말했듯, 누구를 위한 왕인가. 픽션과 논픽션을 오가니 잡음이 많이 생기지만 씁쓸한 현실을 반영하는 것 같아. 여튼 배우들 연기는 최고다.",2014-08-28,10.0,min s,65653
그냥 웃지요.,2014-08-28,1.0,다나,65653
19화부터 짜증이 생긴다. 궁녀는 완전 무리수네. 뭐하자는거지??? 적당히 비비꼬아야지.한국드라마 고질적인 문제를 그대로 떠안고 가려하나. 이제 다음은 시아버지와 며느리의 갈등으로 나라가 외래싸움터가 되는걸 찍을꺼냐????,2014-08-28,4.0,나야,65653
"작가는 시작부터 갑신정변 때 궁중에서 폭약을 터트린 궁녀(무수리 고대수)를 상정하고 드라마를 짠 모양인데, 위기 속에 핀 이준기-남상미의 애절하면서도 달달한 사랑을 원한 시청자들 입장에서는 아닌 밤 중에 홍두깨, 배가 산으로 간 꼴.",2014-08-28,3.0,파안,65653
어제 보다가 위험한 드라마인 것 같다는 느낌이 많이 받았습니다.,2014-08-22,2.0,당근당근,65653
박윤강너무멋져요!!!!!!!!!!!!!!!!!!!!!!!!!!!!!!!!!!!!!!!!!!다음주가끝!!!!!!!!!!!!!!!!!!!!!!!!!!!!!!!!!!!!!!!!이준기씨또다른드라마로만나요제발빨리!!!!!!!!!!!!!!!!!!!!!!!!!!!!!!!!!!!!!!!!!!!!!!!!이준기화이팅최고!!!!!!!!!!!!!!!!!!!!!!!!!!!!!!!!!!!!!!!!!!!!!!!!!!!!!,2014-08-22,10.0,나근영,65653
ㄷㄷㄷ 상미님 놀랄때 당황할때도 절제미~~~전보다 좋아졌네요~~~,2014-08-22,10.0,joy,65653
남상미 섬세한 사극연기 빛나다~  쵝오!!!!!!!!! 초반 적응하느라 힘들었을텐데~~~윤수커플화팅!!,2014-08-21,10.0,joy,65653
조선총잡이 마지막까지 화이팅 입니다~!!!!! 배우님들 힘내세요~!!!!!,2014-08-21,10.0,별빛사랑,65653
갈수록 흥미진진 함. 배우들의 절제된 연기력 멋지심. 어제 3자대면은 최고,2014-08-21,10.0,조현화,65653
조선총잡이 화이팅!!,2014-08-16,10.0,모양세,65653
14일 방송에서 적장한테 어떻게 갔지?너무 초딩같은 시나리오 아니요?,2014-08-16,4.0,한우리,65653
담주가 막방이라니... 작가님하~ 대본 잘 써주세요 ^^,2014-08-29,10.0,eldass,65653
야외키쓰씬이나 혼전임신이나 남녀간 허그나 남매간에 손을잡고 걷는것 그런건 좀 시대에 안맞는듯하나 내용은 재미있어 눈이 TV에 꽂힙니다.,2014-08-29,9.0,만고땡,65653
볼려고 해도 잘안봐짐....,2014-08-22,0.0,너하나뿐,65653
상미님 연기 잘보고 있습니다. 눈물연기는 물론 최원신부녀에게 말할때의 강렬한 눈빛 연기도 좋았어요 너무 과장되지 않고 자연스러운 연기 잘 보고 있습니다. 끝까지 조총 화이팅~^^*,2014-08-22,10.0,러브유진승환,65653
솔직히 이준기랑 남상미 .. 연기는 별로다 ㅇㅇ,2014-08-22,0.0,뿌빠뽀빠,65653
이준기 액션 진심 멋지넹 ㅠㅠ아 그리고 엄효섭아저씨 & 유오성아저씨 너무 좋앙ㅋㅋㅋ,2014-08-22,10.0,Christina,65653
설마했네. 김옥균 나오길래 갑신정변까지 생각은 했지만 스토리상 너무 갑신정변까지 억지로 가는거 같고 이렇게 가다가 을미사변까지 갈거 같군. 드라마는 임팩트가 있을때 끝내는게 재미있는건데. 너무 길게 끄는 느낌이랄까? 왜? 대한제국까지 끌고 갈수도 있는게 드라마이니 대하드라마로 가는것도 ..ㅋㅋㅋ,2014-08-28,6.0,제노아,65653
이준기화이팅!!!!!!!!!!!!!!!!!!!!!!!!!!!!!!!!!!!!!!!!!!!!빨리다른드라마에서놔와주세요이준기씨!!!!!!!!!!!!!!!!!!!!!!!!!!!!!!!!!!!!!!!!!!!!!!!!!!!!!!!!!!!!!!!!!!,2014-08-28,10.0,나근영,65653
빠른전개 집중도높은 연기력 짱짱!!!,2014-08-27,10.0,해피해피,65653
"다 좋은데 민비...명성황후의 역활이 너무나 잘못 된것 같은데
이게 저만의 생각 일까요?
아무리 드라마라지만 역사에 준해서 해야지 벗어나도 너무 젓어난것 같네요",2014-08-27,3.0,민심이천심이다,65653
"오들도 본.방.사.수! 준기오빠 너무 멋짐ㅠ완전 뿅감♥조총 진짜 재밌어요!!!조총, 준기 오빠 사릉함><",2014-08-27,10.0,이뿌니_퓨링이,65653
시대상을 잘 반영한 신선한 드라마~배우들의 명품 연기~!!,2014-08-27,10.0,겨울비,65653
재밌긴 한데요 예전 공주의 남자 연출하신분이 만들어서 그런지 내용 음악  등이 너무  똑같네요ㅎㅎ  좀 발전이 없는듯,2014-08-27,9.0,꽃사슴,65653
너무 재미있게 잘보고 있어요. 오늘도 조총데이~~,2014-08-27,10.0,조선총잡이,65653
조선총잡이 주인공 이준기님 넘 연기 짱 ...멋져용^^수요일만 되면 조선총잡이 기대하며 .... 하루를 시작합니다.조선총잡이 하이팅~~~팅~~,2014-08-27,10.0,소금사탕,65653
얼마 안 남았네요...마지막까지 화이팅!!!!!!!!!,2014-08-26,10.0,jang,65653
조선총잡이 데이 오늘도 기대됩니다.,2014-08-26,10.0,모양세,65653
기대한 보람 있어요 마지막까지 화이팅!!!~~,2014-08-25,10.0,해성,65653
남주여주 끝까지 화이팅!!작품으로 남는 조선총잡이 되길!!!!,2014-08-25,10.0,joy,65653
조선총잡이 최고!!,2014-08-25,10.0,모양세,65653
수인과 윤강 러브라인만 확실하게 살려주면 더 재밌을걸요..연기 잘하는 배우 남상미와 이준기~~끝까지 응원할 게요..조총조총 화이팅^^,2014-08-25,10.0,눈꽃,65653
제정신이 아닌 역사왜곡 드라마.,2014-08-21,1.0,skfro00,65653
이준기 액션 넘 멋짐,2014-08-21,10.0,alempt,65653
조선총잡이 꿀잼,2014-08-21,10.0,모양세,65653
재밌나요? 16회까지 봤지만 재밌는지 모르겠음 여태껏 본것중에 가장 재미없음,2014-08-21,1.0,앙녀,65653
조선총잡이 화이팅!,2014-08-21,10.0,zfksfk,65653
조선총잡이 윤강수인 넘 울ㅠㅠ린다 ~ 재미있게 잘 보고있어요 준기님상미님 최고!!!!!!!!!!커플짱,2014-08-21,10.0,라임,65653
진짜 재미있느데..........................................................남상미..왜 캐스팅한거죠?진심..... 드라마 보다가 집중이 흩으러지는 순간이 남상미나올때임..ㅡㅡ진짜 명작 되려다... 말았음..,2014-08-21,8.0,심성훈,65653
제주지검장 김수창 조선 좇 잡이,2014-08-21,10.0,명량,65653
조선총잡이♥,2014-08-21,10.0,송찬희,65653
이준기황이팅!!!!!!!!!!!!!!!!!!!!!!!!!!!!!!!!!!!!!!!!!!!!!!빨리다른드라마출연를기다입니다이준기씨!!!!!!!!!!!!!!!!!!!!!!!!!!!!!!!!!!!!!!!!!!!!!!!!!!!!!!!!!!!!!!!!!!!!!!!!!!!!!!!!!!!!!!!!!!!!!!!!!!!!!!!!!!!!,2014-08-21,10.0,나근영,65653
조선총잡이 화이팅~ 내일도 본방사수합니다~,2014-08-20,10.0,신지,65653
기대해라~ 점점 더 재밌어질거다~!!  내일도 기대만땅이요~!!!,2014-08-20,10.0,별빛사랑,65653
"시작부터 극단적으로 재미없는 스멜... 뭐냐, 저런 엉성한 쑈로 왕비를 쏴죽이려 한 경기보상이 위기를 벗어난다는 건가??? 헐~. 김응수씨가 야마모토로 나온다고 해서 임오군란과 민씨일가에 대한 역사왜곡에도 불구하고 처음부터 본방사수한 정리상 그냥 보려고 했는데, 시작을 저런 식으로 하다니. 볼 마음이 싹 가심.",2014-08-20,0.0,파안,65653
중전을 구하면서 수인이가 은인이 되어 신여성이 되는데 큰 사건이 되는건가요? 시나리오를 사건중심이 아니라 주인공들 인물중심으로 해주세요,2014-08-16,10.0,joy,65653
"주조연배우 모두들 연기하나는 나무랄데 없이 잘 하는데 14회부터 드라마가 산타는 분위기로 가고 있네요..상미양 줌마팬으로서 개늑시때 준기랑 대박 케미 연기가 참 좋아서 줄곧 바라던바 둘이 다시 조총에서 만나 기대했건만 어째 15,16회는 케미도 없고 긴장감도 없어 걱정됩니다.그래도 끝까지 닥본사 화이팅!!",2014-08-16,9.0,눈꽃,65653
작가님들 끝까지 힘내시고 좋은작품으로 남게 해주세요 ~준기님 상미님 조선총잡이로 팬이되어 즐겁게 보고 있습니다 .,2014-08-16,10.0,라임,65653
넘 재미있게 잘 보고 있습니다 이준기씨 연기 멋져요마지막까지 연기자분들 스텝들 힘내시구요 조총 화이팅입니다,2014-08-16,9.0,송이양이,65653
준기가  김좌영 집을 안방 드나들듯이 드나드네. 준기야 긴 말 말고 그냥 쏴버려. 그러면 모든 문제 전부 해결된다. 문제는 드라마가 너무 일찍 끝나버리겠지만? ^^,2014-08-16,7.0,skehahffj,65653
조총조총데이~~ 수인낭자랑 윤강도령 케미 좀 재밌게 살려주길 바람.,2014-08-20,10.0,눈꽃,65653
작가 연출 덤 앤 더머니?,2014-08-16,0.0,말리,65653
드라마 초중반까지만해도 꽤나 재밌었는데 작가의 역량부족인지 스토리전개는없고 이준기의 잡고 총겨누고 담소나누다가 풀어주고의 반복. 이준기 연기열심히하려는게 보이지만 스토리나 대사들 자체가 꽝이다,2014-08-15,4.0,아이폰,65653
사극 판타지 드라마 치곤 사실적이네요~ 몸사리지 않는 윤강수인 명품조연 화띵!!!,2014-08-15,10.0,joy,65653
마지막까지 본방하지만 그건 순전히 이준기씨때문  이야기전개는 정말 안타깝네요 기대가 엄청 컸었는데 남은시간이라도 뭔가 제대로 보여주셨으면 합니다이배우님 화이팅!~  다른배우님들도  화이팅입니다!!!,2014-08-15,9.0,해성,65653
아!!유오성 살아나다니!!!준기 오빠 화이팅♡~!!!!!!,2014-08-15,10.0,이뿌니_퓨링이,65653
배우가 뭔 잘못이냐 한조 참형드립대신 작가를 진짜 참ㅎ..휴,2014-08-15,10.0,블루엔딩,65653
자꾸 재미가 없어진다,2014-08-15,4.0,운명처럼,65653
"역사왜곡 쩔더라. 임오군란은 민비와 고종, 민씨정권의 사치와 향락 때문에 민초들이 들고 일어선건데.. 드라마에서는 민비와 고종을 선량한 피해자로 바꿔버림 ㅋㅋㅋ 재미도 드럽게 없고.. 이건 뭐",2014-08-15,0.0,넘흐좋아,65653
감성을 내세운 역사왜곡이다. 임오군란은 민씨 일족의 부정부패와 무능이 촉발한 사건이었다. 1년 가까이 지급을 미룬 재래식군대의 급료(쌀)에 절반을 겨와 모래를 섞었던 것. 민씨 일족이 청나라 군대를 불렀다는 것만 봐도 개화와는 거리가 멀다는 걸 작가가 모르진 않았을 텐데. 드라마 연장을 원했던 게 잘못이었다.,2014-08-15,1.0,파안,65653
그래두 배우들 열연땜에 계속 본방사수할거예요 상미님 준기님 다른 연기자분들 모두 화이팅~!^^*,2014-08-15,10.0,행복나무,65653
일본 앞잡이,2014-08-15,5.0,주말의명화,65653
이준기의 사극 연기 최고다...고독한 늑대같구나..,2014-08-15,9.0,proteus2222,65653
내용이좀답답하고왕짜증놔는점이있길하지만!!!!!!!!!!!!!!!!!!!!!!!!!!!!!!!!!!!!!!!!!!!!!!!!!!!!!!!!이준기화이팅!!!!!!!!!!!!!!!!!!!!!!!!!!!!!!!!!!!!!!!!!!!!!!!!!!!!!!!!!!!이준기최고!!!!!!!!!!!!!!!!!!!!!!!!!!!!!!!!!!!!!!!!!!!!!!!!!!!!!!!!!!!!!!,2014-08-15,10.0,나근영,65653
오늘 기대해 봅니다. 조선총잡이데이!!,2014-08-14,10.0,모양세,65653
이준기 일본 앞잡이,2014-08-14,5.0,주말의명화,65653
유오성 살아 날 것 다들 알고 있었쥬?  다 보여~ 훤히 ㅋ,2014-08-14,7.0,skehahffj,65653
이준기 때문에 봅니다. 영웅 이야기 좀 주체적으로 그려주세요. 역사속에 휩쓸린 영웅말고 민중편에 도와주고 역사적 사건에 중립적 입장으로 정의 민중편에 서서 해결하는 주체로 그려주시고 역사는 흐름으로 넘기고 백성을 괴롭히는 악인들 그 시대 상황을 객관적으로 흐르듯 그려주세요. 모든 인물들이 다 나올필요는 없다는,2014-08-14,10.0,공작왕1,65653
오늘도 본방사수!!! 조총 홧팅!!!^^,2014-08-13,10.0,행복이란,65653
윤강수인 정말 배우란 생각이 들게 만드는 진심이 담겨진 드라마!!!!!,2014-08-12,10.0,joy,65653
Good,2014-08-12,10.0,Destiny,65653
조선총잡이 이번주도 기대되네요^^,2014-08-11,10.0,모양세,65653
이제  드디어 영웅 탄생인가요?완전기대하고 있어요  화이팅!~^^,2014-08-11,10.0,해성,65653
"15회예고 이번주 기대되네요~ 조총으로 올여름 힐링합니다^^더운날씨 고생하시는 배우님,스탭분들 화이팅요!!!!!!!",2014-08-11,10.0,라임,65653
처음에는 단순히 총기등의 고증오류만 있었는 줄 알았는데 아예 역사왜곡 드라마였네?,2014-08-14,0.0,이쑤신장군,65653
이준기 환상적인 액션~~~상미의 내조그리고 조선의 영웅으로 거듭나기,2014-08-14,10.0,joy,65653
내용도 탄탄하고 영상도 멋있공~~배우들도 다들 연기잘하고 ~,2014-08-14,10.0,kim58,65653
이준기 때문에 보기 싫다. 이준기 보면 일본 냄새가 많이 나서 싫다.,2014-08-14,0.0,래리 J,65653
오늘조선총잡이~너무기대되요~,2014-08-14,10.0,존중,65653
준기오빠♥진짜!!멋있어요! 조선총잡이16회 기대되네용^^,2014-08-14,10.0,이뿌니_퓨링이,65653
예고보니 오늘 대박회차가 될듯하네요. 듀근듀근 본방사수합니다. ^^,2014-08-14,10.0,eldass,65653
스토리가 아쉽긴 하지만.... 끝까지간다조선총잡이 처음부터~~끝까지 본방사수^^,2014-08-14,10.0,라임,65653
이준기 액션~놀라워라..@@,2014-08-14,10.0,ciel,65653
죽다가 살아나는 건 이제 그만....,2014-08-14,8.0,crown7,65653
조총 진짜 너무 좋아요ㅠ 윤강ㅠ준기오빠 매력이 너무 많아요,2014-08-14,10.0,나님,65653
^^ㅎ~이준기씨가출연하니까괜찮아질거에요!!!!!!!!!!!!!!!!!!!!!!!!!!!!!!!!!!!!!!!!!!!!!!!!!!!!!!,2014-08-14,10.0,나근영,65653
답답..,2014-08-13,2.0,말리,65653
조총 스토리 긴장되고 재미납니다~~~~,2014-08-13,10.0,joy,65653
조선총잡이 봐야쥐~^^ 요즘 윤강 수인 덕분에 행복합니다.^^*,2014-08-13,10.0,행복나무,65653
조총데이  오늘도 기대만땅^^,2014-08-13,10.0,모양세,65653
"액션, 윤강수인 호흡도 너무 잘 맞아!!천생연분 making film도 굿굿!!!수인 사극 처음이라 걷는 것 약간 어색!!연출팀 호흡있게 더 디테일하게 그려주세요~",2014-08-11,9.0,joy,65653
"휴가중에도 본방사수했네요^^ 상미님땜에 드라마보기 시작했는데 준기님의 매력도 느끼고 있네요. 목소리도 굳!^^ 주완님, 혜빈님, 다른 분들 연기도 좋아요 앞으로 어떻게 전개될지 궁금하고 기다려지네요 조선총잡이 화이팅!",2014-08-11,10.0,행복나무,65653
조선총잡이 마지막까지 홧팅!!!,2014-08-10,10.0,모양세,65653
이준기 대역없는 액션에 연기도 좋고  이제 존경심이 나오는 영웅이야기만 확실하게 그려주삼,2014-08-10,10.0,공작왕1,65653
old 해..,2014-08-10,2.0,말리,65653
"조선말기 부터의 암울했던 역사를 다룬 드라마는 너무 가슴이 아파서 보기 힘든데.이준기라는 배우의 연기력에 빠져 보기 시작했다.. 개인이 행복을 추구하기엔 너무 불행했던 시대.. 위정자들의 횡포에 당하기만, 혹은 침묵하기만 또는 동조할 수 밖에 없었던 민초들이 답답하기도 하지만 살기위해선 어쩔수 없었을 듯..",2014-08-09,10.0,줌마렐라,65653
정수인 눈물연기 감동입니다. 매번 감정 가지고 흘리기 힘들텐데...화이팅이구요 박윤강님이랑 현실에서도 평생 함께 하면 좋겠네요^^,2014-08-09,10.0,joy,65653
항상 본방사수! 배우분들 스텝분들 모두모두 화이팅하세요~,2014-08-09,10.0,신지,65653
아직도 구닥다리..,2014-08-08,2.0,말리,65653
"일지매때는 사람을 절대로 안죽여서 좋았는데 어젠 진짜 무기도 없는,비록 아버지를 죽였지만 어떻게보면 불쌍한면도 많은 악당이었는데 죽여서 약간은 실망? 앞으로 어떤 이야기가 이어질지 좀더 지켜봐야 겟네요.",2014-08-08,10.0,loveyun,65653
흥미진진해진다,2014-08-08,10.0,독도는우리거,65653
전혜빈한테  끌 린다   가족복수가 아닌  조선총잡이 국가를위한 조선총잠이 로 그려져음 한다,2014-08-08,10.0,뻔순이,65653
명품드라마 조선총잡이,2014-08-08,10.0,모양세,65653
여긴 알바들 도배글이네~주인공이 목숨이 두개냐~복수도 좋지만~맨날 천날 무모하게 혼자서 복수한답시고~욕하면서 보네(다시는 안봐야지)욕이 절로 나오네 나와!!! 작가가 이따위냐~쓴소리를 해야 드라마가 발전이있는건데 무조건 최고 짱~이건 독약중에 최악의 독약이다~시청자가 바보냐~,2014-08-08,1.0,흑장미,65653
"이준기오빠 진짜 연기잘해요 진짜ㅇㅇ일지매 용이도 멋있었고 왕의남자 공길이도 멋있었고, 진짜 드라마, 영화 앞으로도 많이 찍었으면ㅎ",2014-08-13,10.0,나님,65653
오늘이네요 이날만 기다립니다. 윤강도령 최고에요!!!,2014-08-13,10.0,동실,65653
요건 꼭 봐야할 드라마....이준기 역시 실망시키지 않는다,2014-08-06,10.0,이찌고노히메,65653
조총하는날이다~~~~기다리는건 힘들고.. 벌써 13회네,2014-08-06,10.0,조선총잡이,65653
선별점 후감상 실망시키지 않으리란걸 알기에,2014-08-06,10.0,블루엔딩,65653
일주일 기다렸다 조총 드디어 윤강수인 재회.... ^^,2014-08-06,10.0,랄라라,65653
오늘 조총한다!!!!,2014-08-06,10.0,zfksfk,65653
너무 진지하게 몰입 되네요ㅋㅋ 스토리가 잼있습니다,2014-08-06,10.0,thaao,65653
윤강도령♡수인낭자 두사람에 사랑을 막는자 그 누가 있는가?! 만약에 있다면 막지말거라 그대로두거라! 두사람을 갈라놓지말거라~/재미있게 보고있습니다 연기좋고 배우들도좋고 아주좋아요*>_<*다음편 기대하고있어요b,2014-08-06,10.0,천상의노래33,65653
박윤강씨드라마에마무리는잘대고있놔요???????????????????????????암튼이준기화이팅!!!!!!!!!!!!!!!!!!!!!!!!!!!!!!!!!!!!!!!!!!!!!!!!!!!,2014-08-06,10.0,나근영,65653
날도 더운데 액션하느라 수고가 많아요 막방까지 이대로 쭉 유지해서 월메이드로 남길 ..,2014-08-05,10.0,일루아,65653
조선 총잡이 화이팅 ㅋㅋ 너무 재미 있어요~~ 정말 수목 드라마는 조선 총잡이가 최고 인듯 ㅋ재방보고 반해서 처음1회부터 쭉~~~다시 보고 이제는 본방 사수중!!!,2014-08-05,10.0,임새롬,65653
1위햇으면 좋겠다.난수목일날본방송 볼껀데 2회연장까지 모두상받았으면 좋겠다.,2014-08-05,10.0,김태균,65653
2회 연장 추카추카 풀어낼 이야기가 많아 보여 약간 숨가빴는데 좋네요.조선총잡이 홧팅!!,2014-08-04,10.0,여우잠을 잔다,65653
2회 연장 축하하오~~ 우리 예쁜 수인낭자와 멋진 윤강도령의 사랑이 맺어지도록  이야기를 이끌어 주리라 믿으오.. 수인♥윤강,2014-08-04,10.0,눈꽃,65653
최고~~!!,2014-08-04,10.0,날자,65653
내용을 억지로 끌고 가는것도 아닌데 긴장되면서 재밌어요! 로맨스도 절절하구요ㅠㅠㅠ 끝까지 배우님들 스텝분들 화이팅하세요♡,2014-08-04,10.0,우컁컁,65653
"조총 배우,스텝분들 생방 촬영인것 같은데 ㅠ 힘내세요^^",2014-08-03,10.0,모양세,65653
조총 배우분들 스텝분들 다들 고생 많으십니다. 힘내세요!!,2014-08-03,10.0,여우잠을 잔다,65653
연기 액션 모두 완벽한 이준기  역시 명품배우 입니다,2014-08-08,10.0,김재연,65653
이준기씨 몸사리지 않고 한씬 한씬 최선을 다하고 열심히 하는게 눈에 보이네요. 히어로물에 제격입니다.,2014-08-08,10.0,민트,65653
"이준기씨... 작년에는 투윅스 장태산이 있어 더운 여름을 잘 이겨냈소만. 올 여름은 박윤강, 한조로 돌아와 행복을 주시는 구려. 반갑고 기쁘오. 오랫동안 준기씨의 연기를 보고 싶소. 고맙소!",2014-08-08,10.0,행복지영,65653
이준기씨 명품연기 늘 감동합니다,2014-08-08,10.0,해성,65653
완전 몰입도 짱짱!!!!!!!!!,2014-08-07,10.0,행복이란,65653
윤강친구분 포교 한정훈 정말 재밌는 분이라서 드라마가 더 재밌어요. 이준기씨 군대다녀오더니 더 멋진남자로 팬들에게 돌아왔네요. 연기도 더 한층 깊이가있네요!! 잘생겨서 더 재밌다능.,2014-08-07,10.0,로즈플라워,65653
너무 잘보고있다 흥미진진하게 잘 보고있다.,2014-08-07,10.0,giva1234,65653
황당 시추에이션,2014-08-02,0.0,O0환상의커플O0,65653
진짜 이준기땜에 죽겠네요...ㅠ 그 안경과 양복이 왜케 잘어울릴까요 앞으로도 멋찐 눈빛연기 보여주세요^^,2014-08-01,10.0,굿쏘,65653
잘보고 있습니다. 더위에 고생들이 많겠습니다. 몸보신하여 계속 좋은연기 부탁드립니다.,2014-08-01,10.0,loveyun,65653
"1위드라마  흠잡을때없는 연기력 작품성 연출력  ost  팀웍
최강드라마다  이준기 에게 두손가락 엄지를 치켜주고싶다
유오성도 마찬가지!",2014-08-01,10.0,lovelygirl,65653
윤강이한텐여동생도있는걸!!!!!!!!!!!!!!!!!!!!!!!!!!!!!!!!!!!!!!!!!!!!!!!그렇니까수인이랑은안되!!!!!!!!!!!!!!!!!!!!!!!!!!!!!!!!!!!!!!!!,2014-08-01,10.0,나근영,65653
조선총잡이 기다리다가 일주일 다지나갑니다 내용도 좋고 배우들도 하나 나무랄데가 없네요 짝짝짝,2014-07-31,10.0,쁘리벳,65653
한여름밤의 무더위를 싹 날려주는 너무 흥미진진한 드라마  다들 너무 연기 잘하시네요 화이팅,2014-07-31,10.0,서재훈,65653
갈 수록 허접..,2014-07-31,1.0,말리,65653
이준기는 멋있고 남상미는 예쁘고 스토리도 흥미진진해요. 이대로 끝까지 시청률1위했으면 좋겠어요.ㅎㅎ,2014-07-31,10.0,이나리,65653
어젠 정말 지루했음. 주인공이 민폐. 계획없는 행동으로 주변사람들이 고초를 겪음. 내용이 답답하게 흘러가고 있음. 아랑사또전처럼 흐지부지 될까 걱정. 주인공을 이렇게 못살릴수가 있나?,2014-07-31,3.0,코게빵,65653
준기옵바 넘 멋죠,2014-08-03,10.0,Eileen,65653
굿,2014-08-03,10.0,이숙주,65653
잼나여,2014-08-02,10.0,whats up,65653
"너무 좋아라하며 보는 드라마~~
남주 여주 모두 좋아라~~~
조총조총",2014-08-08,10.0,비단이,65653
스토리 짱짱하고 요즘 제일 재밌네. 믿고보는 이준기다. 믿고보는 남상미고 ^^;,2014-08-08,10.0,까7한,65653
윤강도령과 수인낭자랑 함께 나오는 씬 좀 팍팍 넣어주시와요.,2014-08-08,10.0,눈꽃,65653
"자체시청률 갱신 추카추카 배우님들, 스텝분들 고생에 단비같은 소식. 조총조총 화이팅~~~!!!!!",2014-08-08,10.0,여우잠을 잔다,65653
영웅물 이제 시작이겠죠? 다음주 부터 윤강 단순한  복수가 아니고 민중의 영웅 모습 기대,2014-08-08,10.0,공작왕1,65653
"전혜빈의 배역이 넘 작다는 생각이 많은데, 그렇다고 전혜빈이 없다고 가정하니 들마를 볼 수 없을듯!! 이준기의 8짜 뜀박질이 좀 우스꽝스럽지만 조총 참 재밌네요!!",2014-08-08,10.0,NZ LIM,65653
완전 잼나네요~~~ 조총으로 팬이 되었어요^^,2014-08-08,10.0,버블리아,65653
박윤강언제부수성공까지활래??????????????????????????답답하다!!!!!!!!!!!!!!!!!!!!!!!!!!!!!!!!!!!!!!!!!암튼이준기화이팅!!!!!!!!!!!!!!!!!!!!!!!!!!!!!!!!!!!!!!!!!!!!!!!!!!!!!!!!!!!!!!!!!!!!!!!!!!!!!!!!!!이준기최고!!!!!!!!!!!!!!!!!!!!!!!!!!!!!!!!!!!!!!!!!!!!!!!!!!!!!!!!!!!,2014-08-08,10.0,나근영,65653
"드라마 초반에 비까지 내려 얼마나 처연하던지 ㅠㅠ, 그래도 가네마루와 고종 덕에 약간 숨이 트이는 듯조선총잡이 화이팅!!!!",2014-08-07,10.0,여우잠을 잔다,65653
정말 재밌어요. 제 느낌엔 박윤강이 고종을 도와서 악의 무리들을 소탕할듯해요. 별기군도 나오고 하는걸 보니까요. 앞으로 계속 더 재밌어질듯. 4부 정도 더 늘리면 어떨지,2014-08-07,10.0,휴먼에이지,65653
조총 넘 좋아,2014-08-07,10.0,ssss,65653
짜증이 지대롭니다. 스토리가 꽝,2014-08-07,5.0,사천당신,65653
현실그자체.. 조선총잡이 ~!! 쵝오~!!,2014-08-07,10.0,영원토록,65653
조선총잡이 화이팅!!!,2014-08-07,10.0,LINY,65653
재밌어요,2014-08-07,10.0,김현정,65653
"어제는~회복 좌절, 회복 좌절, 연거푸 전개가 급변 흥미유발하는듯 하지만 실상은 누명 대두로 한정돼있고 단조롭더라구요~ 오늘 김옥균 나오고하니 다른 방향의 다채로움이 섞여 좀은 스케일을 넓일수 있겠지요??? (열혈시청자^^)",2014-08-07,10.0,초대,65653
조선총잡이 화이팅!!!!!!!,2014-08-07,10.0,랄라라,65653
이제 제2막의 시작. 왕도 결국 앙시앙레짐의 김좌영 수호계(보수파)와 같은 부류라는 것을 깨닫는 박윤강의 정신적 혁명이 이루어지는 순간. 문제는 박윤강을 도와줄 김옥균의 배후에 외세인 일본제국의 침략주의가 도사리고 있다는 것. 2회 연장(22회)이 아니라 4회 연장(24회)도 모자라는 시대. 박윤강의 선택은???,2014-08-07,10.0,파안,65653
"드라마를 보면서 이게 드라마인지 영화인지 정말로 헤깔렸습니다.
이런 구성의 드라마 참 좋은 것 같고요.
끝까지 힘내세요.",2014-08-07,10.0,캬캬캬캬캬,65653
야행복을 입고 총한번 폼 나게 돌리며 미션을 수행하러 나가지만 매번 위기에 봉착하는 안쓰러운 주인공.... 총은 아직 무리인듯.... 다시 칼과 활을 들게,2014-08-07,6.0,금선탈각,65653
이준기화이팅!!!!!!!!!!!!!!!!!!!!!!!!!!!!!!!!!!!!이준기최고!!!!!!!!!!!!!!!!!!!!!!!!!!!!!!!!!!!!!!!,2014-08-07,10.0,나근영,65653
오늘내용 정말 심장 졸이면서 봤어요.정말 이준기란 배우때문에 보게되는것 같아요.연기도 잘하시고 멋있었어요^^,2014-08-07,10.0,레몬빛 향기,65653
스토리는없고....위기만있을뿐이고....,2014-08-06,5.0,Napoli,65653
배우님들 모두 각자의 캐릭터를 섬세하게 잘 살리심. 감동ㅠㅠ개화기라는 역사적 배경 때문에 쉽게 전개될 드라마는 아닐 듯 가슴이 저릿저릿,2014-08-06,10.0,여우잠을 잔다,65653
이준기!!  멋지심~~,2014-08-06,10.0,cocktail,65653
배우진은 정말 탄탄한데 연출하는 사람이 너무 막장으로 만드는 듯.....그리고 내용이 매우 허술해지고있어서 매우 재미없다,2014-08-06,3.0,frilly,65653
이 작가 무사 박동수 작가니? 주인공 끝까지 띠리하게 설정해놓구 질질 끌다가 대충 한두놈 객사하고 종칠꺼같ㅣㄷᆞ  등쉰,2014-08-06,5.0,감빛놀,65653
스토리도 재밌고 연기력도 탄탄하고~ 집중하면서 보게되네~,2014-08-02,10.0,샤론의 꽃,65653
"정말로 다~좋은데, 작가님께.. 민중의 영웅이 되가는 이야기라고 했는데 왜 아직도 민중의 영웅이 안되는거죠? 제목에서 풍기는 느낌도 그렇고, 윤강도령의 복수만 하는건가요? 빨리 영웅이 되야 시청류도 확 오를것 같은데..배우들의 연기는 만점인데 스토리가 마이너스네요.",2014-08-02,9.0,loveyun,65653
상미가 아까비ㅜㅜ,2014-08-02,1.0,수지설리랑,65653
시청하고있으면 시간이 금방 가네요..13회 예고를 예상할수 없어서... 더기대되네는 조선총잡이~~,2014-08-02,10.0,조선총잡이,65653
1회부터 10회 몰아봤네요~구성좋고 연기좋고 괜사랑 운사랑 비교당할 작품이 아니네요~,2014-08-02,10.0,light,65653
숨가쁜 전개를 기대합니다. 모두 홧팅!,2014-08-02,10.0,여우잠을 잔다,65653
너무 재밌게 잘보고있습니다^^,2014-08-01,10.0,메모리즈,65653
"ㅠㅠ 윤강 수인 다시 만나 기쁜데 앞으로  험한 시련이 다가올것 같아  걱정도 되고ㅠㅠ...둘이 있는 모습 너무 예쁜데요 윤강과 최원신의 대결, 신경전 연기 넘 좋았습니다. 조선 총잡이 항상 화이팅~!",2014-08-01,10.0,행복나무,65653
오랫만에 재밌는 드라마다,2014-08-01,10.0,블랙키,65653
어제 오늘 숨죽이며 봄. 수인아!윤강아! 둘이 아주아주 이쁜 사랑하렴~~오늘 잠은 다 잤다. 다음회 예고라도 해주지~~ 아이고 어찌 다음주 까지 기다릴까?,2014-07-31,10.0,눈꽃,65653
몰입도가 장난아니네요ㅠㅠㅠㅠ하나라도 놓칠수없다,2014-07-31,10.0,ㅎㅎ,65653
배우 이준기씨는 못하는게 없네요. ^0^ 액션 연기는 우리나라에서 최고인것 같아요!!,2014-07-31,10.0,rkskekfk,65653
한드 치고는 그나마 낫지만 이것도 어쩔수 없는 한드인듯 지나친 감상주의가 참......... 유오성이 그나마 멋있어서 가끔 보긴 보지만,2014-07-31,2.0,쥬도산,65653
멋진 연기에 매 회마다 감동입니다!!!,2014-07-31,10.0,자연인,65653
배트맨 비슷한기,2014-07-31,5.0,hidra,65653
첨엔 나름 신선한 느낌이었는데      배우들의 연기보다두 작품 내용이 점점 허접해보이네여....   설정자체가 빈틈투성이      시트콤도 아니고    어이없는 상황에     사건진행....,2014-07-31,6.0,몰티즈,65653
배우들의 열연이 돋보이네요. 재방까지 보게되는 드라마!!!!!!,2014-07-31,10.0,자이리톨,65653
그렇죠?! 마지막 장면에서 심장이 쿵...윤강 수인 같이만 있어도 애틋하네요. 예쁘시네요 두분...,2014-07-31,10.0,행복나무,65653
"박윤강, 정수인... 이 둘은 손목만 잡아도 설레고 애절하다. 그런데, 지금이 공중파만 있는 시대도 아니고, 드라마에 선거개표자막을 왜 띄우나. 좋은 드라마를 선거자막이 망침.",2014-07-31,10.0,파안,65653
나도이준기씨짱최고!!!!!!!!!!!!!!!!!!!!!!!!!!!!!!!!!!!!!!!!!!!!!!!!!!근대드라마내용이별로!!!!!!!!!!!!!!!!!!!!!!!!!!!!!!!!!!!!!!!!!!,2014-07-31,10.0,나근영,65653
그냥 대박,2014-08-07,10.0,진주혜,65653
조선 총잡이 최고! 재미있어요~,2014-08-07,10.0,참사랑,65653
아 진짜 어제 몰입도 짱이였는데..시청률이 떨어졌어!!어서 열시가 되길~,2014-08-07,10.0,USHJJang,65653
국문씬 대박~!!,2014-08-06,10.0,영원토록,65653
"드라마를 잘 안 보는 편이지만....조선 총잡이 이준기, 유오성의 연기력은 대단한 것 같습니다.",2014-08-06,10.0,goodnews8308,65653
조선총잡이질질끈다.....,2014-08-06,5.0,존중,65653
"이준기씨와 남상미 정말 잘어울리고 둘다 연기 끝내줘요！
힘내시고 항상 응원할게요~~",2014-08-01,10.0,정선녀,65653
"애 둘 키우는 주부라 드라마 잘못챙겨보는데
몇년만에 본방사수하고있는 조선총잡이~♡
배우들 연기도 잘하고 내용도 진부하지 않아 정말 나혼자보기 넘 아까운 드라마라 생각이 듭니다. 시청룰이 생각보다 낮아 아쉽네요. 아무래도 홍보 부족인듯해요",2014-08-01,10.0,주화,65653
어제 엔딩 최고!!,2014-08-01,10.0,모양세,65653
드라마~짱!!!!!!!!!!!!!!!!!!!!!!!!!!!!!!!!시간이 넘 빨리 가네여윤강 수인의 애절한 사랑이 꼬옥 해피한 엔딩을 기대하며..담주수욜 기다립니다조선총잡이  파이팅!!,2014-08-01,10.0,꽃처럼,65653
"작가,감독,배우,음감 등 구멍 없는 드라마는 처음인 듯~더 대박나자^^",2014-08-01,10.0,zfksfk,65653
요즘 스토리 전개가 너무 허접하다. 왜 갑자기 맛탱이가 가는 건지...,2014-08-01,3.0,씩씩,65653
다 알바들인가...? 요즘같이 치밀하고 화려함이 넘쳐나는 국내외 드라마들 사이에 한치앞도 못 내다보는 주인공들의 지능이며 총잡인데 총은 제대로 못 쏘는 주인공에 어설퍼 긴장감 전혀 없는데 음악만 오케스트라에... 어디선가 봇듯한 장면들..이런식으로 끼어 맞추기 식이면 드라마 만들기도 어렵지 안을듯하단 생각,2014-08-01,4.0,김용남,65653
애절하고도 안타까운  윤강 수인 행복해졌으면 좋겠어요 ~^*,2014-08-01,10.0,해성,65653
작가님도 배우분들도 모두 대단하세요.ㅎㅎ 조총조총 한다는 말이 뭔지 알 것 같아요.^^,2014-08-01,10.0,이나리,65653
한순간도 눈을 뗄수가 없는 드라마인것 같습니다...멋진 작품 만들어 주셔서 넘 감사해요..^^,2014-08-01,10.0,작은소망,65653
이준기넘섹시하세요ㅜㅜ,2014-08-01,10.0,미리미리미,65653
이준기씨도 유오성님도 정말 이렇게 열심히 하셔도 되는 겁니까!다른 배우분들 본받아야 할듯요.사극복장으로 다들 너무 고생하십니다. 힘내세요 화이팅!,2014-08-01,10.0,여우잠을 잔다,65653
이준기 연기 짱,2014-08-01,10.0,저런,65653
좋아요~,2014-07-31,10.0,peacemaker,65653
오늘 완전 기빨림........예고가 없어요.......ㅜ.ㅜ 담주까지 어떻게 기다리죠??ㅜ.ㅜ,2014-07-31,10.0,백화영원,65653
"뭐 말이 필요없다!!!!!!!
극본,연출,연기
어디하나 누구하나 빈틈이 없다",2014-07-31,10.0,요술공주세리,65653
오늘 정말 잼있었음. 아~ 어뜩해 담주까지 우찌 기다려 ㅠㅠ,2014-07-31,10.0,여우잠을 잔다,65653
말이 필요없는 조선 총잡이!! 조총!! 개와 늑대의 시간도 다운받아서 찾아보게 되네요~~,2014-07-31,10.0,밝음,65653
믿고보는 이준기~넘 멋지다,2014-07-31,10.0,크리스,65653
"정말재밌어요. 수목드라마 경쟁 엄청난데 1위 대박입니다. 1위 계속 고수하세요. 유오성, 이준기 대결 정말 유오성도 은근히 불쌍하데요. 전혜빈, 남상미, 모든 배우들 정말 대박입니다.",2014-07-31,10.0,휴먼에이지,65653
스토리도 빠르고 허접한 영화 때려처라.. 조선총잡이가 더 재밌다~!!ㅋㅋㅋ,2014-07-31,10.0,영원토록,65653
진짜 너무들 하구만.. 연기자들만 모였나?전혜빈씨는 다시 보게 되는구만...,2014-07-31,10.0,콩나와라,65653
조총데이!! 오늘도 기대만땅,2014-07-31,10.0,모양세,65653
조총 1시간이 1분 훅 지나간당 넘 재미~더운여름 조총연기자 분들 화이팅!,2014-07-31,10.0,랄라라,65653
이준기 연기짱~몰입도 짱 너무. 멋있어~^^,2014-07-30,10.0,강바람풀내음,65653
몰입도갑!,2014-07-30,10.0,아인,65653
액션 영웅물 지존 이준기  액션도 미치게 좋은데 연기도 발성부터 감정연기 다 잘해서 좋다.,2014-07-30,10.0,공작왕1,65653
믿고 보는 이준기,2014-07-30,10.0,해리,65653
조총보고 이준기에게 반해서 요즘 이준기나오는 과거드라마도 날새가며 전부 몰아보기하였음. 정말 연기 넘넘 잘하고 개념있는 드라마만 찍으시는 것 같아요. 조총도 쭉욱 본방사수하며 기대할게요.,2014-07-30,10.0,sophie,65653
한드 치곤 괜찮은데 이것도 별로,2014-07-30,2.0,제이커틀러,65653
한드 치곤 괜찮은데 이것도 별로,2014-07-30,2.0,제이커틀러,65653
"이준기 연기 넘좋아요~멋찌심...매회마다 더 재미있고,남상미씨도 배역에 잘 어울려요",2014-07-30,10.0,여은가은맘,65653
드디어 조총하는 날 ^^,2014-07-30,10.0,모양세,65653
"전 첨에 남상미님땜에 보기 시작했는데...^^  외모도 동그라니 귀엽고 자연스럽게 예쁘시네요. 목소리도 예쁘시고 맘도 착해 보이셔요. 고문신, 옥중 눈물신에서 여자 배우인데도 예뻐보이려 하지 않고 연기에 힘쓰시는 모습이 참 보기 좋았구요 저도 너무 맘이 아팠답니다. 다른 분들 연기도  넘 좋아요 건강하세요 조선 총잡이 화이팅~!^^*",2014-07-30,10.0,유선영,65653
시청률은 이준기가 아무리 띄워볼래도 남상미가 다 깎아먹는다. 이래서 여배우캐스팅이 중요해,2014-07-30,5.0,바람처럼,65653
이준기 연기는 보고만 있어도 숨이 막힐 듯 멋지네요. 11회도 기대하고 있습니다.,2014-07-30,10.0,vicky,65653
",조선총잡이... 재미있음.. 11회가 더욱 기대된다.",2014-07-28,10.0,덥다,65653
우연히  보다가 빠져들어  토일  다시보기로  10회까지 다  봤네요 .나오는 배우들의 연기력이 다들  갑 .전해빈  남상미 왜이리 이쁜지 .마지막까지 응원합니다!!!,2014-07-28,10.0,내맘대로,65653
재밌게 보고 있어요,2014-07-28,9.0,미키마우스,65653
회를 거듭할수록 재미있는 조선총잡이 화이팅!!! 막방까지 이 퀄리티 유지하며 끝내길...,2014-07-27,10.0,일루아,65653
와우~~대박!!  이렇게 훌륭한 명품 드라마를 보게되서 너무 행복합니다... 조총 마지막까지 화이팅!!,2014-07-27,10.0,하얀음표,65653
역시 이준기~~♡,2014-07-30,10.0,=지뽕=,65653
일주일 기다리는게 즐겁네요~다음 회도 기대만땅~~!!!,2014-07-30,10.0,붉은노을,65653
구닥다리..,2014-07-30,1.0,말리,65653
내용도 잼있고 연기도 잘하시고 더욱이나 유호성님 이준기님 명품 배우시네여..낼기대되어요,2014-07-29,10.0,미수,65653
내일이 기대되는 조선총잡이!,2014-07-29,10.0,모양세,65653
믿고보는 이준기...맨날 고생하는 역할이예요 ㅠ 근데또 너무 몸 안사리고 너무 잘해 ㅠ 다음작품은 부잣집 아들역할좀 해바여 ㅠㅠ,2014-07-29,10.0,QAF,65653
내일 11화...너무 기다리라해요~~ 꼭 본방사수...^^,2014-07-29,10.0,조선총잡이,65653
드뎌 내일 이네요..기대만발~~연기잘하는 배우분들과 긴장과 재미가 넘치는 줄거리에 ..모처럼 명품진품 드라마 매주 볼 수 있어서 정말 좋아여^^,2014-07-29,10.0,윤도맘,65653
"촌스러..,",2014-07-29,1.0,말리,65653
이준기 대상안주냐고 또 난리치겠네...,2014-07-28,0.0,똥,65653
드라마 평점 처음남겨봐요.. 배우분들이 연기를 다들 너무 잘하시네요.. 스토리전개도 늘어짐없이 흥미진진해서 재미있게 보고있어요~,2014-07-28,10.0,초코머핀,65653
조선총잡이 감독판DVD카페가 개설됐어요. 관심있으신 분들 가수요받고있느니 신청해주세요. 이번주도 기대>_<,2014-07-28,10.0,백화영원,65653
좋네요,2014-07-28,10.0,쭈야,65653
요즘 조총에 빠져살고 있다는~~~ 이번주 수요일도 기대~~ ^^,2014-07-28,10.0,아궁궁,65653
"아니 무슨 연기들을 이리 잘하세요
더운데 화이팅하세요",2014-07-27,10.0,선물,65653
조선총잡이 최고!!,2014-07-27,10.0,모양세,65653
연기력 쩌는데?ㅋㅋㅋㅋ 노잼 ㅜㅜㅜㅜㅜㅜㅜㅜ 상미 미모가 아까비 ㅜㅜㅜㅜㅜㅜㅜㅜㅜ,2014-07-27,1.0,최자노미,65653
와우~ 역시 유오성... 연기 갑...!! 이 드라마는 주연 조연 할것 없이 모두 연기를 잘해요. 전작드라마에서 남상미씨 쉰 톤 때문에 힘들었는데 이번 캐릭은 자기옷을 입은듯 목소리가 잘 나오네요^^;;,2014-07-27,10.0,kent,65653
이준기씨 나오는 드라마들은 배우분들 연기력 쩌는듯 ㅎㅎㅎㅎㅎ잘보고있어요!!,2014-07-26,10.0,남도일,65653
정말 몇년만에 초대박인 드라마인듯... 남자인데도 이준기 동그란안경에 정장 입고 총쏘는게 개멋있..;다;;;,2014-07-26,10.0,꾸준함이반짝임을이긴다,65653
조총 꼭 본방사수하고 있습니다  이준기씨 항상 응원합니다  모두 연기자 스태프분들 더운 여름에 수고 많으십니다 마지막회까지 화이팅~~,2014-07-26,10.0,토익완전정복,65653
하나도 버릴것없는 조총!!!!대박나세욧~~~^^,2014-07-26,10.0,ayasofia,65653
걍 두근두근...액션씬 최고,2014-07-26,10.0,flyhigh,65653
상미야 니가 어쩌다 ㅠㅠㅠㅠㅠㅠㅠㅠㅠ,2014-07-26,1.0,최자노미,65653
이번 드라마로 이준기씨 열렬팬이 되었습니다.^^^^출연자 모든분들의 탄탄한 연기에 박수를 보냅니다 !!!,2014-07-26,10.0,kstp,65653
연기의 레전드 이준기를 비롯하여 모든 배우들의 연기력도 정말 좋고 극본 연출 모두 훌륭합니다. 조선총잡이 잘 만들어 주셔서 감사드려요^^,2014-07-26,10.0,행복지영,65653
재밋게 보고있어요^^,2014-07-25,10.0,하마,65653
이야기의 흐름이 개연성있고 설득력있다. 남상미 유오성 전혜빈의 연기력이 대단하고 이준기의 팬덤이 그냥 생겼건 것은 아님을 말해준다.,2014-07-25,10.0,KS_Park,65653
"수,목요일은 본방사수!너무 재밌게 보고 있어요~^^",2014-07-25,10.0,알로에,65653
완전 잼나요!!,2014-07-24,10.0,쏘냐,65653
이준기씨다치지말고촬영조심조심하세요!!!!!!!!!!!!!!!!!!!!!!!!!!!!!!!!!!!!!!!!박윤강으로도아직어린동생도잘지켜내고!!!!!!!!!!!!!!!!!!!!!!!!!!!!!!!!!!!!!!임금님도잘지켜내세요!!!!!!!!!!!!!!!!!!!!!!!!!!!!!!!!!!!!!!!!,2014-07-24,10.0,나근영,65653
정말 최고. 수인이 우는데 왜 나도 울컥하냐.,2014-07-24,10.0,파안,65653
조선시대판 개늑시이준기 남상미 너무 좋아요,2014-07-24,10.0,Destiny,65653
한 회 한 회 기다림이 힘들만큼 너무 재밌어요.ㅠㅜ앞으로가 더 기대되요!!!,2014-07-24,10.0,붉은노을,65653
아 진짜 매회가 꾸르잼 존잼.... 명품드라마 조총 홧팅!!,2014-07-24,10.0,경만이,65653
ㅇ,2014-07-23,10.0,꽁약사,65653
갈수록 재미있네요. 조선총잡이 파이팅~!,2014-07-23,10.0,김경신,65653
이렇게 긴장감있는 드라마 정말 오랜만요~내일은 어찌 될라는지..ㅜㅜ 맘 졸이게 됩니다..ㅜㅜ,2014-07-23,10.0,초설,65653
완전 꿀잼 ㅠㅠㅠ 수목은 조총데이!!!!,2014-07-23,10.0,김긍정,65653
오늘 마지막에 너무 안타깝고 애절했어요ㅠㅠ내일 또 맘졸여서 어떻게 보나ㅠㅠ,2014-07-23,10.0,자유인,65653
별 가득 주고 싶은 꿀잼 드라마~☆,2014-07-23,10.0,별빛사랑,65653
"재미있게 잘보고있어요,,,연기자들 연기가 다 좋네요",2014-07-23,10.0,가리온,65653
완전재미나다~~ㅋ유일하게보는드라마ㅋ,2014-07-23,10.0,색덩호박,65653
이 드라마를 빛나게 한 가장 중요한 요소는 다름아닌 이준기다!!,2014-07-23,10.0,블루엔딩,65653
조선총잡이 하는 날이네요 본방사수!!,2014-07-23,10.0,모양세,65653
정말 믿고 보는 이준기,2014-07-23,10.0,해피,65653
공주의남자도정말잼있게봤었는데 역시나..너무잼나네요,2014-07-23,10.0,가을이,65653
여기는 배우들이 다~들 좋아서 좋다!! 연기들도 짱짱~~,2014-07-25,10.0,loveyun,65653
넘  멋져요 다들~,2014-07-25,10.0,치킨,65653
"이준기도 이준기이지만, 유오성도 정말 연기를 잘하네요...",2014-07-25,8.0,Be better,65653
눈물이 앞을 가린다 정말 이건 해서 안되는 짓을 하는셈 아닌가 그만 고문을 그만 하지 못할까,2014-07-25,10.0,giva1234,65653
별 재미없는것같아,2014-07-20,3.0,hggf,65653
남자가 봐도 멋있는 남자 이준기. 현대극도 잘 어울리지만 사극에 잘 어울리는 남자 이준기. ㅋㅋㅋㅋㅋ,2014-07-20,10.0,별그대천사,65653
최고,2014-07-20,10.0,빠담빠담,65653
조선 총잡이 대박~~ 이준기도 대박,2014-07-25,10.0,보라조아,65653
꿀잼,2014-07-25,10.0,힙히힙ㅎ,65653
준기찡 짱!,2014-07-25,10.0,여우잠을 잔다,65653
다시보고 돌려보고 재방송보고 보고보고 또 보고눈이 퉁퉁 부어서 출근합니다,2014-07-25,10.0,밝음,65653
너무 재밌어요ㅠ이준기씨 역시 믿고 봅니다,2014-07-24,10.0,디즈니랜드,65653
"조선총잡이, 주연조연할 것 없이 다들 연기가 너무 좋고, 그래서 드라마 몰입도도 정말 좋네요.",2014-07-24,10.0,Ahanna,65653
"개늑시때부터 이준기,남상미님 넘넘 팬이었어요!!!^^ 그래서 기대기대하며 보고있는데, 진짜 최고네욧!!! 배신할수가없음^^ 배우분들 연기력도 너무 훌륭하고 수,목요일이 기다려집니당!!!",2014-07-24,10.0,해피걸,65653
"볼거리도 많고 스토리도 재미있는데...전체적인 주제가 뭔지 명확하지 않아서 아쉽네요...그리고 민중의 영웅이 되가는 과정이라고 써있던데  아직까진 개인적인 일에만 집중하고 있고 사건 해결도 동생구한것 밖에 없네요,,, 전개 속도의 아쉬움이 있어요",2014-07-24,10.0,들어주싯따,65653
"남상미연기 오래간만에 보니 좋네요,,,재미있네요...다른 배우분들 연기도 다 좋구요",2014-07-24,10.0,신라의닭발,65653
수현양 분량좀 늘려주면 안되나TT,2014-07-24,10.0,신장개업,65653
넘 재밌어요 이준기 완전 멋지고 요즘 완전 몰입해서 보고 있어요,2014-07-23,10.0,미소,65653
이준기 원래 사격실력이 거의 만점 특등사수 그래서 더 실감이 나 총 가지고 노는게 완전 능숙함,2014-07-23,10.0,공작왕1,65653
아하. 그 유명한 연예병사 총잡이... 총 쏘는 법은 아는가?,2014-07-23,1.0,tictac,65653
진짜 재미있어요 ^^ 오늘도 기대,2014-07-23,10.0,우유천사,65653
조선총잡이 최고!!!,2014-07-23,10.0,LINY,65653
남상미씨 보면서 눈물 나서 혼났어요. 이준기씨도 다른 분들도 다들 너무너무 잘하셨어요!!조총 화이팅!!!,2014-07-25,10.0,레몬케익,65653
믿고보는 이준기라는 게 괜히 나온 말은 아니지~!,2014-07-25,10.0,블루엔딩,65653
이준기짱~멋.. 남상미짱 이쁨 담주도 기대... 조선총잡이 대박나길~,2014-07-25,10.0,랄라라,65653
저번회까지는 중간중간 채널이 돌아갔는데 이번회부터 진짜 몰입도 최고!!! 역시 이준기 ♡,2014-07-25,10.0,나마스카,65653
"조선총잡이..최고입니다. 재미있습니다. 본방으로 꼭 봅니다. 재방,삼방,사방...쭉~~봅니다.",2014-07-25,10.0,덥다,65653
역시 믿고보는배우 이준기   저번작품 투윅스도 대박이었는데.  사랑타령만있는 드라마에는 출연자체를 안하는 색깔강한배우라서 좋아합니다.,2014-07-25,10.0,카카로또,65653
액션 영웅물이라서 기대는 했지만 기대이상으로 액션신이 영화보다 더 멋찝니다. 우리집 식구 조선총집이 보는데 애들 어른 눈이 다  휘둥거리며 봅니다. 날씨가 더운데 액션신 힘들겠지만 시청자는 너무 즐겁네요. 박윤강이 나라와 민중을 지키는 영웅의 모습 멋찌게 그려주시길,2014-07-25,10.0,공작왕1,65653
탄탄한 스토리....더운 여름임에도 배우들 연기 너무 잘 하시는 것 같아요♥♥♥,2014-07-25,10.0,김지은,65653
가끔씩 저러니까 드라마지..라는 생각을 하지만 빠른전개.배우들의열연으로 무지재밌음.,2014-07-25,10.0,소나무,65653
"2014년 KBS연기대상‥
이 준 기♥",2014-07-25,10.0,뿌아,65653
오늘 회는 졸잼.긴장감 있고 섬세하게 카메라 잘 잡은 듯...다들 연기 쩜.더운데 너무 고생이 많네요.화이팅!,2014-07-25,10.0,비속에바람,65653
"이준기의 비주얼과 연기가 압도적이며 조연 연기자들 몰입도 높여줌. <왕가네식구들>에서 캐릭터-연기를 멋지게 보여준 한주완 볼려고 많은 기대를 하고 있는데, 아직은 등장-씬이 적고 역할 비중이 너무 약함. 11회 부터는 개화파들의 활약이 적극 주도화되기를 바라며 한주완의 진면목과 매력에도 포커스를 맞춰주길 바람",2014-07-25,10.0,개똥벌레,65653
"초반 좀 산만하단 느낌도 있었는데, 점점 안정되가고 있는것 같네요. 어제회차는 몰입도 최고였어요. 점점 재미있어 지는 조선 총잡이 응원하러 왔습니다.  동시간대 드라마 조인성, 공효진씨는 또 멜로~사랑 타령이군요. CF노림수? ㅋ",2014-07-25,10.0,likewind,65653
완죤 재밌음 특히 이준기 넘 잘생김♥♥♥♥♥♥♥♥♥♥♥♥,2014-07-20,10.0,고소미,65653
"개늑시, 일지매에 이은 조총까지 이준기 미친 존재감. 대박 잼나네",2014-07-20,10.0,자유인,65653
난 이런 장르는 별로...,2014-07-20,5.0,이은주,65653
여자 주인공을 좀 이쁜애를 쓰지 저게 뭐냐!뭔 생기다 만 애가 여자 주인공이야  짜증나게,2014-07-20,0.0,백설기,65653
본방사수! 진짜 잼나요!,2014-07-19,10.0,작은고래,65653
아.... 너무 재밌어요 ㅠㅠㅠ 미친 액션과 연출. 정말 공들인 드라마...,2014-07-19,10.0,x-러브,65653
꿀잼...,2014-07-19,10.0,모양세,65653
"이준기가 이렇게 매력있는  배우였나요
액션도 정말멋지고 연기 너무잘하시네요
멋져요^^",2014-07-19,10.0,훈이내꺼,65653
매회마다 존잘과 존멋을 보여주고 있는 우리준기씨,2014-07-19,10.0,블루엔딩,65653
아주좋아요. 배우들의 명연기가 빠져들게 하네요. 멋지다~,2014-07-19,10.0,loveyun,65653
존잼....,2014-07-19,10.0,육곱하기삼,65653
"와나~ 왜케 멋진거야, 이준기 액션 정말 ㅎㄷㄷㄷㄷ 눈이 다 호강한다",2014-07-19,10.0,수기얌,65653
재밌네요! 혜원의 역할이 재미를 더하겠네요! 전혜빈에게는 넘 작은 배역이군요!,2014-07-19,10.0,NZ LIM,65653
조선총잡이는 사랑입니다,2014-07-24,10.0,괭이밥꽃,65653
윤강  애달픔  사랑 마음이  아프네요~~,2014-07-24,10.0,부엉이-_-,65653
"역시 이준기.
항상 응원합니다.",2014-07-24,10.0,희망은 길이다,65653
눈물이 날 정도로 항상 좋은 연기 보여주시는 모든 배우님들에게 감사하다..,2014-07-24,10.0,별빛사랑,65653
뭐지???????????????,2014-07-24,0.0,일반인,65653
공주의남자이후로 이렇게 빠진 드라마는 처음!,2014-07-24,10.0,스임,65653
한회마다 어쩜이리 재밌는지 기대되는 드라마!!,2014-07-24,10.0,로맨스가이,65653
방송 보다가 글씀.. 스토리 개 빠르고.. 핵심만 이야기하는데 연기 짱짱ㅋㅋㅋ 다른 드라마 졸려 뒤질거 같다.. 반성해라..,2014-07-24,10.0,영원토록,65653
조총 오늘도 기대!!,2014-07-24,10.0,모양세,65653
한시간이 너무 빨로 지나가고 몰입감 쩔고 너무잼있다~~~,2014-07-24,10.0,영어선생님,65653
정말 내용전개도 빠르고 재미있고 무엇보다 배우분들의 연기가 정말 멋있어요 ><,2014-07-24,10.0,진주혜,65653
별 100개 주고푼 맘~어제 달리는 말 위에서 연화 구하는 장면  너무 멋지심~♥.♥,2014-07-24,10.0,룰루랄라,65653
밤 10만 되기를 기다리는 한사람~,2014-07-24,10.0,loveyun,65653
주연배우분들 연기의 깊이가 느껴짐....우와..정말..대박드라마...타들마의 지나친 홍보차별속에 더 빛나는 이준기 남상미 열연..!!...,2014-07-24,10.0,나를사랑한SPY,65653
시청율 너무 안 나오는데..이렇게 재미있는데...오늘 다 같이 본방 사수해요..,2014-07-24,10.0,백영주,65653
어제는 정말  하이라이트 같아요  한순간도  눈을 땔 수 가 없었네요배우님들  연기짱   이준기씨  연기는  미치는줄  알았어요 넘 멋져요스토리  이제부터 제대로 시작인ㄱ요???,2014-07-24,10.0,해성,65653
어제는 유오성님 때문에 봤네요... 연기 정말 짱이시네요.마지막부분 문서고 털렸을때는 정말 대단했습니다. 감탄이 절로 나오데요.그 영상 찾아볼라고 해도 올라와있질 않네요.. 이런건 올려서 공유해야 되는데. 왜 다른 영상들이 있는지 아쉽네요..,2014-07-24,10.0,전진,65653
이준기씨박윤강으로복수는통케육케통통티게해주세요!!!!!!!!!!!!!!!!!!!!!!!!!!!!!!!!!!!!!!!!!!!!!!!!!!!!!이준기화이팅!!!!!!!!!!!!!!!!!!!!!!!!!!!!!!!!!!!!!!!!!!!!!!이준기최고!!!!!!!!!!!!!!!!!!!!!!!!!!!!!!!!!!!!!!!!!!!!!,2014-07-23,10.0,나근영,65653
본방사수합시다! 이준기씨 연기에 드라마 몰입하면서 재밌게 보고 있어요! 연기자분들! 더운데 고생하시네요~ 건강관리 잘하세요♡,2014-07-22,10.0,하루이,65653
완전 재밌음 ㅋㅋ이준기씨 멋있고 연기도 잘하고 전혜빈씨 미모 포텐 터지시고 남상미씨 아아니!할때마다 귀여워 죽겟음 ㅋㅋㅋㅋ,2014-07-22,10.0,JHW,65653
내일 본방사수,2014-07-22,10.0,모양세,65653
조선총잡이는 본방보고 재방보고...자꾸자꾸 보고 싶네^^,2014-07-22,10.0,가을,65653
최혜원이 돌풍을 일으킬 것같군요!,2014-07-22,10.0,NZ LIM,65653
상투만 잘랐는데 못알아본다? 이건뭐 눈가리고 아웅도 아니고 어이가출이구만시발 우리나라 드라마는 점찍고 상투 자르면 아무도 못알아봐,2014-07-22,0.0,양파,65653
조선총잡이 최고!!,2014-07-21,10.0,모양세,65653
역시 이준기~ 연기도 좋고 내용은 진짜 재밌다....운명처럼 보다가 이번주부터 요거 본방으로.....,2014-07-21,10.0,이찌고노히메,65653
영화로 제작 되어도 괜찮을것 같은데,2014-07-21,9.0,hidra,65653
역기 이준기라는 생각이 드네요~ 잘 보고 있습니다 ^^,2014-07-21,9.0,안춘희,65653
요근래 드라마에 집중하는거 처음있는일인듯 싶네요.  재미있게 잘 보고 있습니다.,2014-07-21,10.0,얼음공주,65653
화려한 액션 뒤에는 허접한 내용,2014-07-21,3.0,바람좋은날,65653
연기자분들 한 분도 빠짐없이 연기를 너무 잘 하셔서..실제를 보는 것 같아요.스토리 전개도 뛰어납니다.,2014-07-25,10.0,한봄,65653
이번화 넘 감동적이었음 되에박!,2014-07-25,10.0,카카오피아,65653
이제조선총잡이놔은시간????????????놔은기간!!!!!!!!!!!!!!!!!!!!!!!10회!!!!!!!!!!!!!!!!!!!!!!!이제내용좀잡아가면서이려가주지!!!!!!!!!!!!!!!!!!!!!!!!암튼난!~늘!~!~!~이준기화이팅최고!!!!!!!!!!!!!!!!!!!!!!!!!!!!!!!!계속또다른드라마에놔와주세요이준기씨!!!!!!!!!!!!!!!!!!!!!!!!!!!!!!!!!!!!!!!!!!!!!!!!!!,2014-07-25,10.0,나근영,65653
이준기의 액션이 멋집니다.,2014-07-18,10.0,밝은보배,65653
역시 재미있네요.  이준기나오는  드라마는  왠지  신뢰가.. 영화빼고,2014-07-18,10.0,Lydia,65653
고증이너무개판,2014-07-18,5.0,바라쿠다 진,65653
일본제국합병을 정당화하는듯한 스토리...ㅋㅋ,2014-07-18,0.0,넌누구냐,65653
말을 안해도 어디선가 나타나 여주인공을 도와주는 흑기사  이준기,2014-07-24,10.0,uskortimes,65653
본방사수!! 홧팅팅팅!!,2014-07-24,10.0,림묘슬,65653
믿고보는 이준기! 기대를저버리지않음!!!!짱,2014-07-24,10.0,아로미,65653
재밌다  혜빈이가  넘 아름답고 상미가 넘귀요미다 준기 보는 즐거움에 스토리도 탄탄하고   간만에 수목이 기다려진다,2014-07-24,10.0,킁킁,65653
이준기 나오는 드라마는 짐까지 빼놓지않고 다봤는데 이번 드라마도 중독되게 만든네여^^ 하루하루가 매일 기다려지네여^^,2014-07-24,9.0,8283kk,65653
"스토리도 재밌는데, 다들 연기를 잘하심~",2014-07-24,10.0,리얼리티,65653
개늑시 보고 팬됨 이번 드라마도 재밌네 짱,2014-07-24,10.0,헤이써,65653
이준기가 나오는 드라마는 진짜 다 재밌는듯!!!,2014-07-24,10.0,눈물이흘러서,65653
"난 이준기가 예쁜 외모만 있는 배우인줄 알았는데...자꾸 몰입하게 만드는 묘한 재주가 있는 거 같다.화면,영상은 공주의남자요,스토리는 각시탈....시간이 너무 빨리 가는 듯..",2014-07-24,10.0,진가구,65653
일지매 이후로 처음 챙겨보는 드라마네요 명품입니다!!!,2014-07-24,10.0,vmflwmqlakdlqpdlqpdlqp,65653
"회가 갈수록 꿀잼이네요.. 연기력, 연출력, 배우들간의 호흡 모두 명품~!!",2014-07-24,10.0,민트,65653
진짜 꿀재미..전개 속도가 상당히 빠른데도 불구하고 캐릭터들 감정선도 일관성 있게 유지되고...이런 퀄리티 유지하면 추노랑 비슷한 수준의 수작으로 남을 듯...심지어 추노의 언년이처럼 드라마 긴장감 말아먹는 구멍 캐릭터도 없음,2014-07-24,10.0,블루라떼,65653
최고최고!,2014-07-24,10.0,곰보빵,65653
허구가 심한데요... 액션씬만 보여줄려고 그러는건가? 조선에 대해 알아보고 만드시길,2014-07-21,0.0,똥,65653
이준기 왤케 멋있는거임 한조 완전 내취향!! 올만에 존잼인 들마. 이번주도 본방사수해야지,2014-07-21,10.0,그치,65653
역시 믿고보는 이준기. 연기.영상.오스트 삼박자 제대루네. 올만에 드라마다운 드라마 보는거 같고 꿀잼임. 한조bbb,2014-07-21,10.0,김현주,65653
내 취향은 아님,2014-07-20,2.0,이미정,65653
총때문인지 자꾸 긴장되고 놀라고... 이준기씨 연기 갈수록 좋아집니다..,2014-07-18,9.0,하얀우주,65653
완전 재미있어요.. 연기도 짱 스토리도 짱,2014-07-18,10.0,왕짱구리,65653
점점 갈수록 재미있어서 본방 사수 중입니다! 이준기오빠 진짜 액션 연기 너무너무 잘하시고 양복핏완젼 잘어울리심요....후덜덜 주연조연할 것 없이 다들 연기 잘해서 나날이 재미있어요!!! 토요일날 또 재방 봐야죠 에효....ㅋㅋ 재미있는 걸 어케>< 이준기오빠 존잘 매력터짐요,2014-07-18,10.0,with정준영,65653
완전 재밌음 짱짱 좋아요 ㅋㅋㅋ 담주까지 어케기다림 ㅠㅠ,2014-07-18,10.0,강혜진,65653
빠져든다~ 빠져들어~ 조총의 매력속으로~ 풍덩~!!! 홧팅~!!! ★,2014-07-17,10.0,별빛사랑,65653
굿.  존나  잼잇다,2014-07-17,10.0,쉬리,65653
대박 씨박진짜..ㅋㅋㅋㅋ,2014-07-17,10.0,영원토록,65653
스토리  점점 흥미진진 이준기씨 새로운 반전 보습 강도높아지는 액션씬 멋져요 매주 아슬아슬한 긴장감으로 간이 쪼그라질 것 같아요 좀 아쉬운건 뭔가 메세지 전달이 약한거 같아요 개인적인 생각이지만 시대적인 공감  더 느낄 수 있으면 하는 바람입니다,2014-07-18,10.0,해성,65653
정말 재밌는 이준기의 예쁜 얼굴과 고운 의복들도 즐거운 볼거리.,2014-07-18,10.0,메타포르테,65653
수목이 기다려지는 드라마~~♡♡,2014-07-18,10.0,"""못난이""",65653
나두 스페셜 꼭~ 봐야지... 너무 좋아..^^,2014-07-18,10.0,가을,65653
토요일날 한다는 스폐셜도 꼭봐야겠다ㅎㅎ 완전 존잼,2014-07-18,10.0,블루엔딩,65653
주인공 조연 모두 연기들을 정말 잘해서 이야기속으로 푹 빠져들 수 있어서 좋아요. 이준기 배우의 우아하고 날렵한 액션씬은 정말 최고최고입니다. 다양한 연기를 소화해내는 매력적인 배우!!!!,2014-07-18,10.0,망기타,65653
"박진감,스토리,연출력,배우들 연기력,캐스팅,ost 모두다 조화로운 신의한수!대박나라",2014-07-18,10.0,정은희,65653
최원신이  박윤강보다 한 수 위인 느낌;; 복수극인데 어딘가 어설프고 질질 끌려다니는 느낌;; 남주도 성급하기만 하고 여주인 정수인도 눈치도 없고 어설프고;;  뭐가 이런가;;점점 재미없어진다,2014-07-18,7.0,시원한창가에서,65653
이준기가 이렇게 멋있고 잘생긴 배우인줄은 정말 처음 알았어요. 나 왜 여태까지 이준기의 매력을 몰랐지? 주인공들의 연기합도 정말 잘맞고 선남선녀에 스토리도 짜임새있고 개연성있어서 좋아요. 오랜만에 명작드라마 만난듯!!,2014-07-18,10.0,MrMr,65653
이준기님 연기.액션 넘 좋아요.항상 기대하고 보고 있어요~~,2014-07-18,10.0,프리지아,65653
내용도 좋고 내가 좋아하는 배우가 나와서 액션도 멋있고 점점 흥미진진하게 전개가 되고 있어서 더운 여름에 고생하는 이준기가 너무 안 쓰럽다,2014-07-18,10.0,준기,65653
"배우들의 감정연기도 좋고 이준기 액션연기는 말할 필요도 없이 좋지만, 뭔가 처음보다 갈수록 이준기 작품들을 짜깁기한 듯한 극본이.. 좀 안타깝다. 그래도 어느 드라마보다 재미있다. 아직 반도 안했으니 더 기대하겠습니다. 좋은 작품 끝까지 열심히 만들어주세요~ 삭제",2014-07-18,9.0,kawai,65653
넘 잼나다. ㅡㅡ...역시...이준기 남상미..기타 등등...멋지다.,2014-07-18,9.0,차단고양이,65653
난이준기만놔오는드라마만최고!!!!!!!!!!!!!!!!!!!!!!!!!!!!!!!!!!!!!!!!!아프로도이준기씨드라마는계속놔와주세요!!!!!!!!!!!!!!!!!!!!!!!!!!!!!!!!!!!!!!!!!!!,2014-07-18,10.0,나근영,65653
지금까진 아주 만족....끝까지 이 퀄리티를 유지하길,2014-07-17,10.0,행복속에행운도,65653
"친구야 제발 배신하지 마오....만약 그러하다면, 방송국 폭파알끄야~~~~넘 잼있네요.~~방송국 간판은 짜증나지만, 출연진, 관계자 및 스태프 횽들 파이팅 하세요~~~~~",2014-07-17,10.0,절대적인음치,65653
몰입도 최고 연기 대박!!! 믿고 보는 배우 이준기 대박♥♥♥,2014-07-17,10.0,-준기내배우-,65653
점점 흥미가 더해가는 조총... ^^,2014-07-17,10.0,eldass,65653
"너무 재미있어요ᆢ이준기씨 눈빛 연기 끝내줍니다ᆢ
연기자분들의 개성넘치는 연기 ᆢ볼만합니다",2014-07-17,10.0,빨강머리아라,65653
난이준기랑남상미댐에보는건데 시청률이영,2014-07-18,10.0,김태균,65653
조총에 빠져들어.. 잠을 잘수가 없어요~ ㅠㅠ.. ^^,2014-07-18,10.0,팔찌,65653
너무 재밌어요 오늘도 역시나 기대해봅니다.,2014-07-17,10.0,동실,65653
"100% 몰입해서 봤네요.. 한시간이 너무 짧아.. 내용, 영상미, 연기력.. 모두 짱!!",2014-07-17,10.0,탕면과헐크,65653
별하나뺀건~ 작가탓임!! 스토리 더 탄탄하게합시다~ 좋은배우들두고 쫌더 분발하세요!!!!,2014-07-17,9.0,girl,65653
흥미로운 사건을 중심으로 전개되야 더 좋지 않을까.... 조정에 거대한 세력(어떻게 나올지 예상 가능)과 가족 복수라는 얼개만으론 좀 부족함.... 글고 이준기에 비해서한주완은 너무 약하지 않나요???,2014-07-17,8.0,gogo1290,65653
난생 처음보는 액션 연기에 눈을 뗄 수가 없어요..,2014-07-17,10.0,babby,65653
동생을 보고 쏟아지는 눈물을 참고 있던 윤강...빨리 보고싶고 궁금해요 정말 재미나요,2014-07-17,10.0,윤도맘,65653
눈요기감은 되는데...........,2014-07-17,5.0,아름다운나라,65653
윤강이 동생 연하와 만나는 위기 상황에서 수인(명목상 경기보상 화약기술자)이 화약을 반출하려는 게 발각된 사실이 보고되면서 위기를 모면할 듯하다. 민폐녀에 대한 걱정을 덜 수 있는 스토리 전개가 이루어질 거라고 기대한다. 작가의 심장근육을 쫄깃하게 하는 글솜씨가 좋으니 그런 방향으로 풀 가능성을 예상해본다.,2014-07-17,10.0,파안,65653
이준기씽어제친구만날때아무리박윤강머리라고해도그머리안어울렸거든!!!!!!!!!!!!!!!!!!!!!!!!!!!!!!!!!!!!!!또내용이더답답해지는거같아!!!!!!!!!!!!!!!!!!!!!!!!!!!!!!!!!!!!!!!동생도빨리찾고답답한내용좀그만!!!!!!!!!!!!!!!!!!!!!!!!!!!!!!!!!!!!!!!!,2014-07-17,10.0,나근영,65653
최고!!,2014-07-16,10.0,천년약속신화,65653
총 맞고 물속에 쓰러진 윤강이를 구해주는 사람이 김옥균이라..이 드라마 대박일세..,2014-07-16,10.0,은소리,65653
내일은너포다보고다음주수목은조선총잡이본방사수해야지^^,2014-07-16,10.0,너포다,65653
꼭 한 번 봐야 될 드라마예요 안 보셨으면 오늘이라도 보시길!,2014-07-16,10.0,블루엔딩,65653
"영상미, 스토리, 액션, 주조연의 완벽한 연기조합까지! 정말 뭐 하나 빼놓을 수 없는 드라마네요, 3회까지 스토리 전개가 지지부진하다 생각했지만 4회부터 폭풍전개, 액션!! 드라마 잘 보고있습니다, 작가님 마지막회까지 좋은 이야기 부탁드려요!!",2014-07-16,10.0,축구보러가자v,65653
"야..!! 이거 어케 갈수록 점점 더 재밌어지냐..?? 1,2회도 재밌었는데 갈수록 더 잼있어진다.. 우짜마 좋노..!!ㅋ 하세가와 한조.. 활약이 기대된다..ㅋ",2014-07-12,10.0,살 흰애추억,65653
첨엔 너무 뻔하다 싶었는데 연기력으로 액션으로 또 다른 꿀재미 주는///준기오빠가 또 별 주게 만드는 구낭!! 집에 티비없는데 매주 다운받아보는 드라마는 진짜 믿고보는 이준기다!!! 대박!!,2014-07-12,10.0,김현경,65653
"잼있어요,,가끔 카메라 앵글이 배우들 모습을 잘 못잡고 있는 거 같아 뭔가 부자연 스럽지만 대충 그래도 좋음,,연기파 배우들이라 그런지 믿고 봅니다.",2014-07-12,10.0,은천맘,65653
"시대 배경이 확실히 드러나 좋고, 그 안에서 벌어지는 복수극도 흥미진진.... 타방송처럼 인기발로 시청률 올리는 드라마가 아니라서 더 좋음... 남자지만 이준기 매력 넘침",2014-07-12,10.0,Black_Impact,65653
완전 재밌음,2014-07-12,10.0,ae-ran,65653
"말이 필요없죠^^~ 이준기표 액션, 연기, 배우들의 호연~ 조선총잡이  짱이예요♥~",2014-07-16,10.0,청렴,65653
조총하는 날이네요 기대!!!,2014-07-16,10.0,모양세,65653
이준기씨연기는 당연하고  상미님 새로운 연기변신  역시 감동전혜빈씨 카리스마 너무 매력 있어요   약간은 엉뚱한 매력주는 이동휘 씨 앞으로 기대됩니다배우님들 연기 정말 빨려듭니다  마지막까지 본방사수 합니다  화이팅!!!,2014-07-16,10.0,해성,65653
이준기 남상미 둘이 너무 잘 어울려.. 드라마 너무 재미있어서 본방 보고.. 다시보기까지 계속 돌려보게 됨^^,2014-07-16,10.0,탕면과헐크,65653
잼나군...모처럼 상미를 많이 볼수 있어 더 좋다.. ㅋㅋ 좋은 작품 잘 골라서 이왕이면 좀 다작좀 하시길 ㅋㅋ,2014-07-15,10.0,진실이란언젠간밝혀지는것,65653
간만에 정말 재밌게 보고 있는 들마!!! 올 여름은 시원하게 보내겠어요.ㅎㅎ,2014-07-15,10.0,붉은노을,65653
올해 처음으로 재미있게 보는 드라마~~,2014-07-15,10.0,준향,65653
준기 앓이.... 연기도 잘하고 외모도 훈훈하고~,2014-07-15,10.0,김학이,65653
완전대박일세 이드라마 재미있당,2014-07-15,10.0,giva1234,65653
완전잼남♡♡이준기연기멋지고잘생겼어요!!,2014-07-15,10.0,구름이,65653
남상미때문에 옛날신분이 밝혀져서 위험에 빠졌다능....ㅡ_ㅡ^ 총잡을때 너무 멋쪄!!!^^,2014-07-14,10.0,어둠속의달빛천사,65653
"윤골라스.낮조밤윤.후드윤강,홍윤강.... ^^ 무엇이든 다 좋다 ...너무 재미있다",2014-07-14,10.0,가을,65653
올해에 드디어 관심가는 드라마 입니다 말그대로 종합선물셋트입니다앞으로 더 감동주는 멋진 드라마 로 기억될 수 있게 짱짱한 스토리 기대하겠습니다,2014-07-13,10.0,해성,65653
꿀잼,2014-07-13,10.0,태양,65653
한조...너는 L.O.V.E ~♡,2014-07-13,10.0,케실리아,65653
정말 끝내주는 드라마!!,2014-07-13,10.0,gogoftca,65653
넘 재밌네요^^재방보다 이드라마에  꽃혔습니다ㅋㅋ 올 만에 몰입하며 보게된 드라마ㅋㅋ 수목만기다립니다  친구분 이동휘씨도 매씬마다 웃음터트려주네요 ㅋㅋ 재밌어요^^,2014-07-12,10.0,박규식,65653
ㅋㅋ 킬링 타임용~,2014-07-12,3.0,welcome,65653
윽 주인공이름 내이름 윽 볼때마다 움찔움찔 내이름 흔치않은데,2014-07-12,8.0,친위대장,65653
"화면은 공주의 남자,내용은 각시탈...넘 재밌네요.^^",2014-07-12,10.0,진가구,65653
진짜 꿀잼 ㅋㅋㅋ 한국판 서부의 사나이 필도 나공 ㅋㅋㅋ 소재가 너무좋음 ㅋㅋ,2014-07-12,10.0,영원토록,65653
이게 평점 9점이라고??? 댓글 알바인가 ???  한숨나온다 정말,2014-07-12,0.0,비타민,65653
"연출 음악 연기,, 왠만하면 연출좋은거 모르는데 정말 노력해서 준비하고 만든티가 납니다 그에비해 극본이 살짝 아쉽지만 그래도 정말 재미나게 보고있어요 계속 잘만들어주세요 오랜만에 정말 즐겁습니다",2014-07-12,10.0,쿨스티,65653
어쩔 수 없는 상황 때문에 사랑하는이들을 외면할수 밖에 없는 윤강의 아픔이 이준기씨표정 연기에서 그대로 느낄 수 있음요몸을 시리지않는 배우들 액션연기 통쾌합니다 그중 준기씨 액션연기는 정말 명품,2014-07-12,10.0,해성,65653
이준기 연기는 정말 명품이군요.  한조 액션 정말 멋있다 오늘 재방때 한번더 확인 하겠습니다.,2014-07-12,10.0,배김,65653
보다가 포기~~저하곤 안맞는 드라마~,2014-07-12,6.0,심심심,65653
"흥미진진 합니다..
진행이 빠르니 늘어질 틈도 없고, 한회 한회 기다려집니다!",2014-07-12,10.0,할말은하는여자,65653
"본격 조선판 코미디로맨스액션스릴러! 모든 장르가 골고루 섞였지만 전혀 어색하지 않은 걸 보면, 아마 이제 대작 하나가 탄생할 준비를 하고 있는 것 같습니다!",2014-07-12,10.0,블루엔딩,65653
재미있지만 내용이 조금 허술해요,2014-07-12,5.0,hiwales,65653
친구(이동휘님)분~ 완전 웃겨요~ㅋㅋㅋ 나올때마다 웃음을 주시네요~^^,2014-07-11,10.0,별빛사랑,65653
몰입해서 보게 되는 드라마에요 ^^,2014-07-11,10.0,초롱꽃,65653
어제 이준기 분노폭주씬..옆 선 보고 침 질질 흘리며 봄.무슨 남자가 옆선이 그렇게나 숨막히도록 섹시하냐 진짜,2014-07-11,8.0,밀리언달러 베이비,65653
이준기 짱 믿고보는배우 어쩜 저리 멋있을까 담주기다리기힘들어요,2014-07-11,10.0,익명,65653
조선총잡이! 넘 재미있습니다.~,2014-07-13,10.0,모양세,65653
이준기.남상미.유오성님 나오셔서 관심갖고 봅니다~갈수록 흥미진진하고 재미있어요~어차피 드라마지만 진지한 역사 드라마가 아닌이상 진실같은 극중 몇몇 인물들의 픽션적 요소를 너무 크게 잡지 않으셨으면 좋겟습니다.요즘 보던중 ost가 가장 맘에 들고 진지하지 않은 듯한 이런사극 끌립니다^^,2014-07-13,10.0,yesterday,65653
넘 재미있는 조선총잡이 담주도 기대됩니다.~,2014-07-11,10.0,모양세,65653
이준기 액션연기 너무 잘함 몰입감 최고,2014-07-11,10.0,tpdms915,65653
이준기 연기 넘 잘한다,2014-07-11,10.0,미키마우스,65653
이준기는 사극이 넘 잘어울려!! 거기다가 액션도 완전 멋지구.. 카리스마 눈매때문인가? 다 10점이네.. 1회보다 점점 볼수록 잼나네~ 이대로만 쭉 가장!!!화이팅!!,2014-07-11,10.0,천상의자리,65653
"아주 달달한 씬인데.. 이준기 몰입이 안되네요.
사랑하는 여인을 보라보는 눈이 아니예요
다른 연기는 좋은데...",2014-07-11,5.0,온유,65653
점점더 재밌다!!! ㅋㅋ,2014-07-11,10.0,Pond,65653
이준기씨 연기를 정말 잘 하시네요.다른분들도 모두 연기를 잘 하시고 재미있어요.최고입니다!!,2014-07-11,10.0,한봄,65653
"이준기한테 딱 맞는 옷 같은 드라마,꿀잼~~~~~~~배우들 연기력 다 훌륭한듯~~전혜빈씨 남상미씨 둘다 매력덩어리들이네요~~",2014-07-11,10.0,gossip_girl,65653
재방송.. 계속 보게 되네요.. 다시보면 .. 더 좋네~,2014-07-11,10.0,가을,65653
액션 끝내주고 멜로 절절하고 유머까지... 대!박!,2014-07-11,10.0,난원,65653
졸잼!!!!!!!!!!!!!,2014-07-11,10.0,경만이,65653
다음주 너무 기다려줘요....너무 너무 재미있어요...,2014-07-11,10.0,백영주,65653
계속 돈내고 다시보기하고있음....이케 못기다리겠는 드라마 몇년만에 처음임....,2014-07-11,10.0,진행중,65653
완전 존잼 일주일을 어떻게 기다려ㅠㅠ,2014-07-11,10.0,cherryboy,65653
이준기땜에보는대!!!!!!!!!!!!!!!!!!!!!!!!!!!!!!!!!답답해!!!!!!!!!!!!!!!!!!!!!!!!!!!!,2014-07-11,10.0,나근영,65653
"믿고보는 이준기씨♥ 열심히 성실하게 준비한게보임 
이드라마에서 전혜빈도 연기잘해서 놀랐음",2014-07-11,10.0,굿모닝,65653
이준기 현대극 사극 모두 가능한 연기자 인데다가 액션신도 대역 없이 그리고 남상미랑 개늑시 이후 7년만에 만난건대 너무 잘어울리고 남상미 이쁘고 귀엽당 일지매류 쟝르를 이준기가 개척한듯 조선판 히어로 여기에 카리스마랑 눈빛 ㅎㄷㄷ한 유오성님 연기 진짜 넘 재밌당 1주일어케 기다려 ㅠㅠ,2014-07-11,10.0,coremath,65653
일지매부터 준기 스타일 드라마,2014-07-11,10.0,클라우드,65653
"준기 스타성있네,  얘가나오니까 재밌네,   액션도 대역아니고 멋드러지네",2014-07-10,10.0,스카이 워커,65653
액션과 애절한 로맨스~! 둘다볼수있어 넘 좋구 배우들 연기도 잘하고 이준기는 특히나 멋지게 역할을 잘소화하네요^^,2014-07-10,10.0,코스모스,65653
역시 믿고 보는 이준기♡,2014-07-10,10.0,skys,65653
조선총잡이 대박  시원시원하고 화면도 예쁘고 배경까지 끝내주드라 주연은 말할것없고 조연도 연기 잘하네 앞으로 더더욱기대된다,2014-07-10,10.0,션샤인,65653
설마 대글 알바 있는 것 일수도 평점이 너무 높여 주면 드라마 잘 만든줄 알고 착가 함드라마 발전을 위해서도 도우이 안됨 역사나 픽션이 적절한 배합과 화수를 줄여야 승산 있다는 생각~,2014-07-10,1.0,희망,65653
박윤강 한조씨 정말 멋있어요! 정시에 시청할 겁니다^^,2014-07-10,10.0,림묘슬,65653
잼나기만한데. . . ^^,2014-07-09,9.0,쑨,65653
전혜빈은  성형인간. 연기도 드럽게 못하네요ㅠㅠ 하지만 남상미는   연기  굿~드라마는  재미는 있지만.. 전혜빈땜에  보기 싫다  정말루ㅠ,2014-07-09,5.0,미소천사,65653
"재미 드럽게 없다. 내용은 지루하고 연출도 느슨하고,
이준기 하나 믿고 만들었네,",2014-07-09,3.0,Seon,65653
캐스팅은 좋을 지 모르지만 퓨전은 화수가 길면 지루 하고 또한 사실성이 떨어지기에 역사적 배겅이나 사건들이 짬봉이 되는 경우도 많아지기 마련이다.,2014-07-09,1.0,희망,65653
이준기씨 남상미씨 연기력이 정말 많이 발전했네요. 개와 늑대의 시간에서 두사람이 만나 연기했었던 시절보다 훨씬 더더더요. 조선총잡이 본방사수하고 있으니 더운 여름 지치지 마시고 힘내 주세요.,2014-07-11,10.0,ㅎㅎㅎ,65653
오랜만에 못기다리겠는 드라마 나옴 ㅠㅠㅠㅠ일주일언제기다려....,2014-07-11,9.0,김소명,65653
아우 또 일주일 어떻게 기다리죠? 흥미진진해요~~~,2014-07-11,10.0,동실,65653
"남상미씨가 이렇해 이쁘고,연기잘하는지 몰랐네 아주귀여움...너무보기좋음,전혜빈씨야 원래 매력있고....한주완이라는 사람음 코믹설정? 잘보고있써요.",2014-07-11,8.0,침착해,65653
아 대박.....,2014-07-10,10.0,뚜루와뜨샤,65653
와~~조총 진짜 대박! 정말 최고! 모든 연기자분들도 연기력이 훌륭하시지만 이준기씨 와~~진짜 연기 감동입니다ㅠㅠ 슬펐다가 웃겼다가 긴장시켰다가 눈을 뗄 수가 없어요 몰입도가 대단하네요 드라마 보는 내내 끝나면 안돼~했다는..한 주 또 어떻게 기다리나요ㅠㅠ 정말정말정말 잼있습니다  드라마보다 감동하긴 첨 ㅎㅎ,2014-07-10,10.0,v힘내자v,65653
"유오성, 이준기 정말 연기 갑이다. 훅~ 빠져서 봤네",2014-07-10,10.0,카카오피아,65653
"믿고보는배우..역시이준기!! 꿀잼나요..
간지좔좔 멋지당 ㅋ~~~",2014-07-10,10.0,좋아라,65653
재밌네 이준기 일지매 같다,2014-07-10,10.0,모냐,65653
너무 재밌어요..일주일 어케 기다리나요..,2014-07-10,10.0,보물상자,65653
와우~!! 멋져 멋져 완전 멋져요~!!! 조선 총잡이 대박~~♡,2014-07-10,10.0,별빛사랑,65653
배우들연기면 연기 스토리까지 최고다,2014-07-10,10.0,주유천하,65653
"넘넘잼나요
퇴근후이드라마총잡이보는재미짱 입니당
ㅎㅎㅎ",2014-07-10,10.0,비키(동구),65653
그저 최고 조총 찬양!!! 시청률 쑥쑥 오르길!!!!이게 바로 명드 믿고보는 이준기!!!,2014-07-10,10.0,sfnew23,65653
대박 기원~**,2014-07-10,10.0,롱이네,65653
"재미있음~
챙겨보고싶음",2014-07-10,9.0,버찌,65653
스토리 액션 멜로 ost 뭐 하나 빠지는게 없는 드라마!!!!!4회보고 뿅가서 본방사수 중이에요. 조선총잡이 화이팅!,2014-07-10,10.0,블리블리,65653
어제 말타고 싸우는신.. (상대배우 이름이 생각안나 찾아봤어요. 출연진에 없네요.) 강성진씨랑 이준기씨랑 말타는씬 정말 멋졌어요!!! 출연진들의 연기력이 바쳐주니 볼만하네요. 계속 기대할께요 화이팅!!,2014-07-10,10.0,december,65653
빠른 전개 넘 좋습니다~ 이 속도 계속되었으면 합니다~,2014-07-10,10.0,20041006,65653
"잘보고 있는데.... 화약전문가라고 남상미 데려가는것  어이없었고, 그 자리에서 이준기 신분 쉽게 노출시키는 것도 영 이상....대역죄인의 자식으로 되어있는데 남상미가 ""도련님""이라고 부른다??? 무뇌아?? 이 준기부하가 더 많아야 복수가 그나마 가능하지..달랑 하나배우들 좀 더 고용하시길......  이준기 힘내세요",2014-07-10,8.0,gogo1290,65653
본방사수하고 있어요 오늘도 너무 기대됩니다~~,2014-07-10,10.0,동실,65653
"제가 너무 재미있게 보고있는 드라마입니다.  2회까지는 너무 박진감넘치게 잘 전개가 되어 정말 기대되었었는데, 어제는 약간의 지루함이 보였습니다. 전 이준기씨를 별로 좋아하지 않았지만 이걸로 인해서 팬이될것 같습니다.",2014-07-10,10.0,전진,65653
"최종원씨 연기 정말 대단하다고 느껴짐.이준기는 대역없이 말타며, 총잡던데, 투윅스에서도 느꼈지만 진짜 열정있는 배우인듯. 배우들은 괜찮은데, 드라마는 자꾸 억지스럽게 맞춰서 이어가는 것 같아요. 세심하지 못 한 연출도 아쉽구요.ㅠㅠ",2014-07-10,3.0,박지현,65653
이준기 남상미 커플 잘어울림 일단은스토리전개가 빨라서 답답함이 없어좋고 이준기씨 연기를 잘해서굿~~ 윤강의 변신에 많은기대하고 있음 이민우씨 아역때보단 아니지만 임금역할 잘어울리네요 암튼 기대많이 하고있음,2014-07-10,10.0,안민구,65653
답답한대!!!!!!!!!!!!!!!!!!!!!!!!!!!!!!!!!!!좀더빨리내용이도라가주라!!!!!!!!!!!!!!!!!!!!!!!!!!!!!!!!!!!!!!!!!!!!!!이준기화이팅!!!!!!!!!!!!!!!!!!!!!!!!!!!!!!!!!!!!!!!!!!!!!!!!!!!!!!!!!!!!!!!!!!!!,2014-07-10,10.0,나근영,65653
"재밌어요ㅎ답답한전개가없어서재밌고
연기력도다들굿",2014-07-10,8.0,여름,65653
"이준기는 그냥 볼 때 모르지만, 작품을 보면 빠져든다는 말을 실감하는 중. 남자가 봐도 연기 잘하고 멋지다. 남상미도 좋고, 유오성도 과하지 않은 연기. 윤강 친구역, 수인 몸종역 배우 등 젊은 배우들 연기도 좋음. 윤강 동생 성인역은 김가은(제미 역)이란 배우인 모양. 드라마사이트 업데이트도 잘 관리되는군.",2014-07-10,10.0,파안,65653
이준기&남상미 짱 홧팅,2014-07-10,10.0,메이슈,65653
잼있어요~^^,2014-07-09,9.0,낸내둥이,65653
최고다 정말,2014-07-09,10.0,주민,65653
최고 드라마,2014-07-09,10.0,죠,65653
준기액션씬에 뿅감  대박 멋쪄!,2014-07-09,10.0,사라,65653
"오늘 얻은 사랑을, 내일 잃어야만 했던. 조선의 마지막 연인. 조선총잡이",2014-07-09,10.0,다향,65653
조선총잡이 잼나게 보고 있습니다.,2014-07-09,10.0,모양세,65653
스토리며 배우들 연기며 몰입감 최고다 진짜!!,2014-07-09,10.0,byun fresh,65653
진짜 재미있게 보고있습니다.,2014-07-09,10.0,소나무,65653
진짜 리얼 꿀잼 개잼 ㅠㅠㅠㅠㅠㅠㅠ 가면갈수록 더 재밌고 몰입도가 엄청나네요!!!! 오늘 5화 본방 사수하기만을 기다리고 있습니다 ㅋㅋㅋㅋㅋㅋ 티비앞 대기 ㅋㅋㅋㅋ,2014-07-09,10.0,x-러브,65653
와 이거 대박!! 진짜 시간만 잘 타고났으면 시청률 25%대도 노려봤을만한 작품 그런데 지금은 딱히 상황이 좋지 않은지라...;; 일단 한번 보면 푹 빠져들게 될 거라 예상됩니다. 꿀잼이어서요,2014-07-09,10.0,블루엔딩,65653
점점 더 재밌네요 오늘도 기대되요^^,2014-07-09,10.0,헵번,65653
이준기!,2014-07-09,9.0,June,65653
채널돌리다 조금 봤는데 은근히 잼나네 지금 재방 돌려보는 중 본방시간까지 다 볼수 있으려나,2014-07-09,10.0,cherryboy,65653
4회에서 감성을 자극시키는 물오른 연기를 보여주면서 동시에 화려한 액션으로 볼거리 가득하게 만든 조선총잡이~~매주 수목이 기다려져서 월욜이 행복해지고 있다~~조총조총~~^^,2014-07-09,10.0,Lovely,65653
"드디어 화제의 사랑테마곡 "" 돌틈꽃 "" 오늘 음원공개!!!",2014-07-09,10.0,마지막기차,65653
눈은 즐거운데 내용이 부족하다,2014-07-07,5.0,우유로컸다,65653
2회까진 지루했는데 3회 증간부터 볼만하네요~ 연출이 좀 아쉬웠음.. 이준기가 간만에! 드디어! 맞는 드라마를 만난듯!! 대역 없는 액션 다시보니 좋네요^^ 앞으로 더 기대됩니다,2014-07-06,8.0,서얼서얼,65653
한국판 서부의 사나이 보는거 같다.. 좋다좋아 ㅋㅋㅋㅋ,2014-07-10,10.0,영원토록,65653
참 좋음 조선총잡이 대박나라 !!,2014-07-10,10.0,모양세,65653
윤강아 수인아 제발 둘이 잘되길 빌께,2014-07-10,8.0,친구,65653
시대가 바뀌는 과정에서 겪게되는 아픔과 갈등들을 다시 생각하게 한다화려한 사극의배경  액션  가슴 설레는 사랑도 느낄 수 있어 좋다  특히 이준기씨 연기는 감동,2014-07-10,10.0,해성,65653
이준기 진심 멋잇다..썩 잘생긴줄 몰랏는데 자알 생겻네 ㅋㅋ,2014-07-09,10.0,모냐,65653
최고~~!,2014-07-09,10.0,김나해,65653
"ㅋㅋㅋ 도대체 왤케 이준기를 못써서들 난리냐, 진짜 좌포청 포교라는 친구 연기가 더 낫더라. ㅅㅂ 남상미가 얼마나 민망했을까? 책 읽는애 보면서 연기하기. 주인공이 석류만 아니었다면 좋았을 드라마 아꿉다.",2014-07-09,4.0,나가자야!!,65653
정도전 끝나서 볼게 없더니?   조선총잡이만 본다.  기대 이상으로 잼이있고 색다른 드라마다. 역시이준기다.  시청률이 낮은게 이상할 뿐이다. 기다려 지는 드라마다,2014-07-09,10.0,이쁜이,65653
한조로 변신한 윤강... 설레네요.... 그리고 수인인 윤강을 알아볼까요... 와우~!! 완전 기대중...^^,2014-07-09,10.0,eldass,65653
오늘은 조총day~~~!!! 닥본사~!!!,2014-07-09,10.0,김민영,65653
볼거리는 많은데 내용이 부족하다,2014-07-09,5.0,welcome,65653
아직은무슨내용잊지알수가없쓰니까!!!!!!!!!!!!!!!!!!!!!!!!!!!!!!!!!!!!!!!!!이준기화이팅최고!!!!!!!!!!!!!!!!!!!!!!!!!!!!!!!!!!!!!!!!조선총잡이화이팅!!!!!!!!!!!!!!!!!!!!!!!!!!!!!!!!!!!!!!!!!!!!!!!!!!!!!!!!!!,2014-07-09,10.0,나근영,65653
드디어 낼 좀만 기다리면 만날 수 있네요 한조 보고싶다,2014-07-08,10.0,카타르시스,65653
너무나 잘보고있다 너무나 잘 어울려,2014-07-08,10.0,giva1234,65653
이준기연기최고짱,2014-07-08,10.0,Traces,65653
영상도 예쁘고 액션도 멋있고 내용도 마음에 드네요,2014-07-08,10.0,스마일,65653
재미있네!!!!!,2014-07-06,10.0,유려군,65653
최고!!!!!!,2014-07-06,10.0,비케이,65653
굿~,2014-07-06,10.0,실버벨,65653
이준기 진짜 멋있네요  연기 최고인듯....,2014-07-06,10.0,새미,65653
빠른 전개 보기 좋네요. 중간 중간 가벼운 터치가 오히려 반감을 일으키네요. 고종시대의 느낌이 안나네요..아무리 장사치지만 여자 한복 의상 어깨가 넘 이상하네요,2014-07-06,7.0,거북이,65653
이준기가 왜 인기 있는지 전혀 모르겠슴1,2014-07-06,2.0,다나,65653
"총 맞을 때 이준기의 연기.. 디테일이 대박. 그런 연기는 정말 이준기만 가능할 듯. 총 맞는 장면이 뭔 대수냐에 한획을 그은 명장면. 그걸 보고 소리치는 남상미의 쌩목도 인상적.(그냥 토해내는 실은 계산된 연기) 개인적으로는 정수인의 ""이렇게 멀리 떠나보낼 작정은 아니었어"" 이후의 독백이 너무 안타까웠지만 좋았다",2014-07-06,10.0,파안,65653
이준기 연기 대박이에요 ㄷㄷ,2014-07-06,10.0,왕관휘날리자,65653
드라마가 아주 재밌네요.앞으로가 더 기대되는 드라마,2014-07-06,10.0,코스모스,65653
스토리짱 준기님 연기짱 올여름 행복할겁니다,2014-07-05,10.0,해성,65653
연출도 캐스팅도 좋고 내용도 넘 잼있네요^^ 마지막에 이준기 양복입고 총쏘는데 진짜 멋지네요. 멜로 엑션 연기 다되는 준기짱 게다가 왕이 이민우라니+_+걍 그걸로 끝남.ㅋㅋ 포스쩔어 왕역활에 이민우걍 짱! 최재성씨도 대박+_+ 그리고 개늑시커플도 진짜 좋아요+_+ 남상미씨 디테일한연기짱캐스팅하는분 일 잘하시네요,2014-07-05,10.0,행운의여신,65653
요즘 개비에스 드라마 좀 되는 듯...!! 빅맨도 재밌게 봤는데 조총도 볼만하네...!!,2014-07-05,9.0,살 흰애추억,65653
"매회 갈수록 짱짱 재미있어지네요 !!
이준기 넘멋있어요",2014-07-05,10.0,Rorchid,65653
와 이준기 존잘... 총잡이 된 거 대박!! 이제부터라도 꾸준히 본방사수해야되겠다ㅎㅎㅎ,2014-07-05,10.0,블루엔딩,65653
수요일이 기다려지는 드라마다.   왔다 개보리같은 개막장드라마와 비교된다.,2014-07-08,10.0,열린마당,65653
조선 앞잡이,2014-07-08,10.0,hidra,65653
간만에 집중해서 보는 드라마 !수요일 오긴오니ㅜㅠ,2014-07-07,10.0,뿌니,65653
이번주 기대됩니다. ^^,2014-07-07,10.0,모양세,65653
좋음,2014-07-07,10.0,강꿈,65653
준기님.역시.....  배역하나는  잘 맞는것 같네여... 앞으로도  좋은 활동  기대 할께용~~~^^,2014-07-07,10.0,포에버든,65653
계속~보고싶다.......또 보고 싶다~,2014-07-07,10.0,가을,65653
점점 잼미짐. 수욜은 언제오나~,2014-07-07,10.0,뽈따구섹시점,65653
완전 재밌어요 ㅋㅋ,2014-07-07,10.0,아디오스,65653
개늑시+주유소습격사건,2014-07-07,9.0,비둘기는하늘의닭,65653
"배우들 연기, 연출, 영상~영화같은 고퀄의 명품드라마! 조선총잡이!이번주도 본방사수 할께요~^^",2014-07-07,10.0,김민영,65653
남주 존잘 짱 재밌음,2014-07-05,10.0,고소미,65653
처음에는지루했는데.갈수록재미있고이준기너무멋있어용~,2014-07-05,10.0,아인이,65653
꿀잼 ! 대박,2014-07-05,10.0,jessilee,65653
잼난다,2014-07-05,10.0,카리스마정,65653
"대대적인 선전과 이준기 등 톱스타의 등장에 비해 여배우들의 연기가 넘 약해서 실망스럽네요.사극에서 무게감있고, 멋있는 배우인 최재성씨가 너무 빨리 하차해서 섭섭하고, 앞으로 흥미가 생길지... 아직.. 아주 별로에요.",2014-07-05,4.0,새싹,65653
최고 bbbb 꿀잼 bbbb 스토리 전개도 빠르네요 이준기 액션 연기도 짱멋짐 !!빨리 다음편 보고싶음!!,2014-07-05,10.0,sfnew23,65653
역시 히어로물은 갓준기만한 인물이 없음. 전체적으로 개늑시+일지매를 짬뽕한 듯해 식상할 수도 있으나.. 갓준기의 변신은 예나 지금이나 빠져들게 만드네. 그나저나 남상미는 예나 지금이나 연기가 거기서 거기인듯. 그래서 1점 마이너스.,2014-07-05,9.0,아이마르,65653
역시 이준기의 액션연기는 훌륭했지만..글쎄..전체적으로 몰입도가 조금 떨어진다랄까..남상미의 오버스러운 귀척연기는 좀 부담되 보인다.차라리 좀더 얌전하게 그렸으면 더 나을뻔했던..,2014-07-05,6.0,d8s6a5w7c6,65653
화이팅! 그림 너무 이뻐요,2014-07-04,8.0,tong,65653
아 보는 내내 심장 터질뻔.. 준기 아니면 안될 캐릭터일세!! 정도전 끝나서 완전 슬퍼했는데 대박입니다!!,2014-07-04,10.0,비타민,65653
이준기 남상미 연기 몰입도 아...대단합니다. 간만에 너무 멋진 드라마~ 시청률 대박날듯~,2014-07-04,10.0,이뿐맘으로,65653
4회차 정말 대단했어요...더 멋진 드라마 되길 바랍니다.,2014-07-04,10.0,은하수,65653
"조선총잡이 역대급 드라마~들마도, 남상미&이준기 연기도 대박~!!! 담주 시청률도 대박 날겁니다~!!!",2014-07-04,10.0,김민영,65653
너무 재밌어요.액션 연기 멋있어요.짱!!!,2014-07-05,10.0,유려군,65653
글쎄............,2014-07-05,2.0,우유로컸다,65653
스릴있고 연기력 짱 쵝오.... 완전 빨려드림...  다음회가 기대돼요,2014-07-05,10.0,kimchen,65653
늘어지지 않는 스토리 전개 쵣오~~~,2014-07-05,10.0,카카오피아,65653
완전완전 멋진 준기님  반했어요  매주본방사수 홧팅!!!!,2014-07-05,10.0,단풍,65653
갈수록 잼있네요,2014-07-05,9.0,december,65653
빠른 스토리 혼을 담은 연기... 정말 잘 만든 드라마다...,2014-07-05,10.0,윤준노,65653
역시 믿고 보는 이준기!,2014-07-04,10.0,변사장,65653
이미 중독되었어요~ㅋㅋㅋ,2014-07-04,10.0,티라미스,65653
조선 총잡이 짱..정말 기대합니다...짱짱 남상미 연기 짱,2014-07-04,10.0,백영주,65653
정말 재밌네요. 내내 몰입해서 보게 됩니다. 기대 해요.,2014-07-04,10.0,난원,65653
벌써 4회를 했네요. 다음주도.. 본방~ 엄청 기다려요,2014-07-04,10.0,가을,65653
꽤 노력하는 것 같다,2014-07-04,5.0,우유로컸다,65653
"개늑시도  재밌게 봤고, 우연히 투윅스 본 후 이준기 믿고 보고있습니다. 드라마 전체적인 스토리는 괜찮을 것 같은데, 흐름이 엉성하고, 전체 스토리에 억지로 맞추는듯 해서 어제는 끄고 싶었어요ㅠㅠ  이제 본격적인 이야기 시작하는듯 한데 좀 더 지켜볼께요. 좀 더 신경써 주세요.",2014-07-04,5.0,박지현,65653
"완전 흥미진진 재미있어요. 스토리,등장인물, 촬영 모두 즐감합니다.",2014-07-04,10.0,gfgtk,65653
공주의남자때도 재미있게 봤는데 이번드라마도 기대를 져버리지 않네요,2014-07-04,10.0,구립아이뜰어린이집,65653
"아주 갈수록 기대되는 드라마입니다.   이준기 이렇게 까지 멋있게는 안봤는데, 특히 어제 마지막장면 정말 정말 멋있었어요..  머리모양 안경이 그렇게 완벽하게 어울릴 줄이야.. 기억에 영원히 남을것 같아요.. 기대합니다.",2014-07-04,10.0,전진,65653
저도 개늑시이후 이준기씨 팬입니다.  이준기씨 나오는건 믿고 보네요~~꾸준히 보고 있어요~~^^  너무 반가웠네요~~,2014-07-04,10.0,배순영,65653
얼마만이야 개늑시조합,2014-07-04,10.0,fcseoul,65653
연출 시나리오 배우들 연기력까지 완벽한 드라마,2014-07-04,10.0,카프카,65653
10,2014-07-04,10.0,윤샐힌,65653
김옥균ㅋ,2014-07-04,10.0,Moon sohee,65653
재미있습니다. 조선총잡이 대박!!!,2014-07-04,10.0,모양세,65653
잼있구만 쩝ㅋ,2014-07-04,10.0,매력자다린e_,65653
평점테러하는 사람들 나쁘다 만점주고 갑니다,2014-07-04,10.0,블랙펄,65653
재미가...있는거 같으면서도..아닌거같고...,2014-07-04,0.0,이승기2013,65653
이드라마가 무게가 있는건지 없는건지  이준기는 가벼운드라마에 나와야하는데 무거운연기엔 맞지 않는듯..  특히 아버지인최재성과의 연기는 너무 차이가.. 코믹이나 에세이같은 곳에 어울릴듯..,2014-07-04,5.0,어랑어랑,65653
갈수록 더 재밌어지네요~,2014-07-04,10.0,모가목,65653
어제 마지막 이준기보고 잘~생겼다.ㅎ  어제 진짜 잼있었음.,2014-07-04,10.0,스위티,65653
준기님 예전 일지매 생각나네요..그때 정말 재밌었어요~이 드라마도 앞으로 무척 기대됩니다!!,2014-07-04,10.0,sisu,65653
연출도 연기도 음악도 다 좋음. 이대로만 가자!!,2014-07-04,10.0,circle,65653
짱짱 절절 ㅜㅠ,2014-07-04,10.0,YGS,65653
"소재도 참 괜찮고, 연출력도 ""공주의남자"" 연출하셨던 분이라 그런지 영상미도 뛰어납니다. 거기에 알맞은 BGM 도 참 괜찮고요. 그리고 역시나 믿고 보는 이준기씨 ... 개와늑대의시간 이후로 항상 나오는 역활마다 정말 케릭터를 잘 표현하시네요 ㅎ 이대로 쭉~ 갔으면 합니다 ^^ 화이팅 ~",2014-07-04,10.0,아나키스트,65653
졸라 멋지다~~,2014-07-04,10.0,호박,65653
이준기 남상미 화이팅,2014-07-04,10.0,이나현,65653
이준기연기역이야짱!~!~!~!~!~!~!~최고!!!!!!!!!!!!!!!!!!!!!!!!!!!!!!!!!!!!!이준기씨건강잘챙기세요!!!!!!!!!!!!!!!!!!!!!!!!!!!!!!!!!!,2014-07-04,10.0,나근영,65653
시간 가는줄 모르고 보고 있어요~너무 재밌어요  연기도 넘잘해요~♥,2014-07-04,10.0,지은맘,65653
"믿고보는 이준기 연기~♥
반했어요~~~연기짱~~~
시청률도 짱~♥♥♥",2014-07-04,5.0,첫눈,65653
다좋은데 여자 주인공 캐스팅은 잘 못 했는것 같은데,2014-07-04,7.0,hidra,65653
연기넘 잘합니다.,2014-07-04,9.0,희지니,65653
내용/설정은 망인데 이준기 때문에 본다 -ㅅ-!,2014-07-04,8.0,라이플,65653
사극은 쳐다도 안보는 내가 이걸 본다..준기 멋잇다  방송 삼사중 젤 잼따..다담주쯤엔 일위찍을듯~,2014-07-04,10.0,모냐,65653
오랜만에 재미있는 드라마예요~스릴 넘치고 앞으로 어떤 전개가 되는지 기대됩니다ㅋ,2014-07-04,10.0,모라미,65653
개늑시 이후로 이준기가 멋있어 보이는 작품이네용 ~ 너무 재밌어요 ^^,2014-07-04,10.0,김혜란,65653
"영화같은 영상, 흥미진진한스토리~ 멋진 준기♥ 넘넘 재밌어요~~ 조총 대박났음좋겠어요",2014-07-03,10.0,지니,65653
간만에 드라마에 빠져보네요 일지매 투윅스?이준기~♥♥,2014-07-03,10.0,담대히,65653
준기 날라다니더만! 계속 멋있게 나왔으면 좋겠어~,2014-07-03,9.0,달풍,65653
최고다,2014-07-03,10.0,김수경,65653
우연히 봤는데 재밌네요 준기씨 액션잘하는건 투윅스에서도 봤지만^^ 본방사수하께용,2014-07-03,8.0,라떼,65653
"오랜만에 이준기라는 배우의 매력에 빠져드네요
드라마 계속 흥할 수 있기를",2014-07-03,9.0,고은정,65653
대박이었어요ㅡ 담주까지 어캐 기다림ㅜ,2014-07-03,10.0,완산수,65653
그냥 한마디로 잼있네~대박,2014-07-03,10.0,Kim Ki Hwan,65653
흥미진진하네요 올만에 사극봄,2014-07-03,10.0,뻐꾸기딸내미,65653
"이준기마지막신식??스타일별로..이준기는역시사극차림이더잘어울리는데..ㅠㅜ
연기력도빠짐없이모두탄탄하고자연스러운데..오늘왠지뭐라콕찝어말할수없는약간의부자연억지설정이엿보였다;;;군사들쫒아오며화살날라오고난린데계속서서남상미만쳐다본다거나..뭐이런..내면표현도거슬림없이자연스럽게흐름표현했으면싶네요ㅡ",2014-07-03,9.0,희야,65653
꿀잼  넘잼있다,2014-07-03,10.0,엔토리,65653
와 키스신 대박ㅋㅋㅋ 진도겁나빠르다ㅋㅋㅋㅋ 끝날쯤에는 이제 귀여운 2세가 나오겠네ㅎㅎㅎ,2014-07-03,10.0,블루엔딩,65653
의상이 너무 이뻐서 보게됐는데 의외로 재밌네?,2014-07-03,9.0,영선,65653
재미있네요,2014-07-03,10.0,얼음공주,65653
오늘 3화 정말 재밌을 것 같아요!! 벌써부터 로맨스가 이렇게 짙다니ㅎㅎ 시청률도 분명 쭉쭉 올라갈 것 같네요ㅎㅎㅎ,2014-07-02,10.0,블루엔딩,65653
.,2014-07-02,0.0,이승기2013,65653
.,2014-07-02,0.0,이승기2013,65653
듀근듀근... 윤강♡수인,2014-07-02,10.0,eldass,65653
"조선총잡이 오늘 3회도 기대됩니다. 오늘 본격 로맨스 전개, 사건 전개될 듯.... 믿고보는 이준기 오늘도 화이팅!",2014-07-02,10.0,좋은날,65653
"이준기씨 연기 정말 잘 하시네요 다른분들도 모두 최고의 연기,뛰어난 연출과 스토리..흠잡을 데가 없어요 최재성씨 하차 아쉽습니다",2014-07-03,10.0,한봄,65653
역시 이준기는 이런 역할이 잘어울려.  마지막에 남색 총잡이 의상 입고 총들때...  ㅠㅠ,2014-07-03,9.0,조선엔어의,65653
왜케 재밌나요....박진감 넘치고 이준기님의 연기는 정말 다시 한번 감탄입니다. 빨리 다음주가 왔으면 좋겠어요....화이팅!!!,2014-07-03,10.0,Ahn Eun Ju,65653
"스릴만점 회를거듭할수록 더 재미있네요
남상미  질질짜는역만하다가 연기변신좋네요
다든연기좋고 벌써담주기대됩니당~^^",2014-07-03,9.0,봄날,65653
역시 이준기~♡ 빛이 나는구나~☆ 조선 총잡이 화이팅~!!!,2014-07-03,10.0,별빛사랑,65653
액션오짐ㅇㅅㅇ 이준기bb,2014-07-03,10.0,비글대장,65653
ㅅㅂ 마지막에 간지 작살....................ㅎㄷㄷㄷㄷㄷㄷㄷㄷㄷㄷㄷㄷㄷㄷ졸라...기대중...,2014-07-03,10.0,황해,65653
문일도 역..저 색휜 여긴 왜나와?예전에 술처먹구..시청자들이 잊을만하니 다시 기어나온겨??에라이 줬밥아!이러니 공영방송 개비씨 욕처먹징!니놈땀시 안본다!,2014-07-03,5.0,핑크다이아,65653
단언컨대  흥미진진  연기력  모두 괜찬은듯,2014-07-03,9.0,한경호,65653
이런 소재.. 대박이다 진짜..ㅜㅜ,2014-07-03,10.0,영원토록,65653
"이런 소재의 드라마는 갈수록 더 재밌어진다는것, 총잡이로 변신하면서 아마 정말 더 재밌어질게 보입니다.",2014-07-03,10.0,휴먼에이지,65653
재밌어욧! 근데 앞으로 더~ 흥미진진 할듯~~~ 기대 기대~,2014-07-03,10.0,minja,65653
근접전에서 칼 들고 있는 사람을 쏴서 팔을 맞춘다? 권총도 아니고 장총을? 총 장전하는 사이에 벌써 맞았겠다 ㅡ.ㅡ'도대체 작가는 뭘 보고 글을 쓰는지 어제 전투씬 보고 진찌 어이가 없었음..,2014-07-03,0.0,YoungHoon,65653
수염은 어디에다 팔아 먹었을까? 아님 여자인가?,2014-07-03,0.0,싱그러운아침햇살아래,65653
정말 짱짱 ㅎㅎ,2014-07-03,10.0,Lord-me,65653
이렇게 재미있어도 되겠습니까?? ^^,2014-07-03,10.0,eldass,65653
아무생각없이 봤는데 완전 재밌어요.ㅎ,2014-07-03,10.0,말할수없는비밀,65653
정말 재밌음. 역시 이준기 드라마 짱짱,2014-07-03,10.0,win2013,65653
꿀잼~연기다들 넘 잘해요^^출연진도 빵빵하고~,2014-07-03,10.0,에헤라,65653
우와 볼게 없어서 아무 생각없이 봤는데 진짜 재미있네,2014-07-03,10.0,improve82,65653
내말이맞는거같은대!!!!!!!!!!!!!!!!!!!!!!!!!!!!!!!!!!!아버지의북수힘없는왕또는여동생를지키려는무법자박윤강!!!!!!!!!!!!!!!!!!!!!!!!!!!!!!!!!!!!!!!!원수의딸과사랑에빠지지만!!!!!!!!!!!!!!!!!!!!!!!!!!!!!!!!!!!!!!결국왕의힘이대는자!!!!!!!!!!!!!!!!!!!!!!!원수의딸과는아무것도활수가없으니까!!!!!!!!!!!!!!!!!!,2014-07-03,10.0,나근영,65653
재성이 엉아는 시대극만하면 죽어 ㅠ.ㅠ이번엔 내일이 재성이엉아 마지막회인가영?,2014-07-02,10.0,멋진하루,65653
아.....전혜빈 ㅈ 나 이뻐 ㅠ조선총잡이 홧뜅,2014-07-02,10.0,중2병-잉피사랑,65653
조선 총잡이 대박.ㅜㅜ,2014-07-02,10.0,영원토록,65653
오늘도 기돼됩니다.~ 조선총잡이 홧팅!,2014-07-02,10.0,모양세,65653
재민 있던데..,2014-07-02,10.0,beautymath,65653
당근난!~영원히이준기화이팅!!!!!!!!!!!!!!!!!!!!!!!!!!!!!!!!!!!!!!!!!!!!!,2014-07-02,10.0,나근영,65653
이준기는 늘 연기를 잘 해왔어!~이번엔 연기대상에서 상 꼭 받았으면 좋겠다.,2014-07-01,10.0,꽃,65653
이준기 정말 연기 잘 하네요..계속 본방사수 하겠습니다!!!,2014-07-01,10.0,보라돌이,65653
재미있네^^,2014-07-01,10.0,sychoi,65653
내일 3회 기대하고 있습니다. 작가님 이야기를 쫄깃하게 극적으로 재미있게 써 주세요. 조선총잡이 대박 기원합니다.,2014-07-01,10.0,좋은날,65653
오호 개늑시 3인 분들께서 다시합이라...ㅋㅋㅋ 기대하고봅니다!!,2014-07-01,9.0,dhxhsiwidnsjw,65653
대박 드라마 탄생 !!!!!!!!!!!   조.선.총.잡.이 화이팅 !!!!!!!!!!!,2014-07-01,10.0,jwm0521,65653
조선총잡이 홧팅! 이번주도 기대합니다.,2014-07-01,10.0,모양세,65653
아니 왜 출연진에 최재성이 없어~~.. 좬장~~.. 일찍죽는다고 무시하는거야.~~.. 연기 잘만하더만.. 쩝.. 갠적으로 무지 좋아하지는 않지만. 그래도... 좋아하는데.. 넘하는구만...,2014-07-01,6.0,둥굴레차,65653
최재성 역시 연기하나는,2014-07-01,8.0,박맑은샘,65653
이준기 남상미 화이팅 ㅋㅋㅋ,2014-07-01,10.0,ㅎㅎㅎ,65653
볼만한드라마가생긴거같네요.앞으로본방챙겨보겠음,2014-07-01,10.0,강춘배,65653
이준기 연기는 확실히 안정적.. 조연들 연기도 좋음. 충실하게 차근차근 진행되는 것도 좋은데 조금만 더 쫄깃하게 극적으로 그려졌으면 좋겠다. 앞으로 기대,2014-07-01,9.0,새로운시작,65653
"웬만하면 보려했는데, 도저히 재미없다.일본에있는 친구가 팬이라 이준기씨 잘됬음하지만, 아랑사또부터 분위기가 별로 바뀌지도 않고...알콩달콩이라기보단 방정떠는거 같아서 실망스러워지고 있는 중...열심히하려는 노력은 보이는데, 연기자로서 큰 변화가 있지않으면 멈출것 같은 느낌이다.",2014-06-30,1.0,SUN,65653
남상미씨.이 역할.은근 귀엽고 잘 어울리네요.,2014-07-03,9.0,사피란,65653
참 재미있네요,2014-07-03,10.0,백록,65653
"이걸로 갈아타야겟군..몰아서 봣는데 잼따,,",2014-07-03,9.0,모냐,65653
일단 이준기 연기 참 좋군 .,2014-07-03,9.0,Mstory,65653
"드라마 캐릭터 땜에 설레는 거 오랜만임! 드디어 3회 본방날! 캐릭터를 만들 줄 아는 배우가 진짜 배우라고 생각합니다. 이준기씨야 원래 믿고 보는 배우고, 다른 분들도 어쩜 그리 캐릭터를 잘 살리시는지, 정말 다음회가 기다려지는 작품임! 조선총잡이 올 해 최고 드라마 되십쇼! 홧팅!",2014-07-02,10.0,도트온,65653
어머 밑에 이승기팬좀봐...ㅋㅋㅋㅋㅋㅋㅋㅋㅋㅋㅋㅋㅋㅋ,2014-07-02,10.0,듀비듀밥,65653
기대않고 봤는데.. 잠깐 보고 1.2회 몰아서 보고 3회 기대하며 기다리고 있어요...,2014-07-02,10.0,루니공주,65653
"영상미며 연기력이며 기대되는 작품이네요.
이준기씨 남상미씨 시청률 연연하지말고 좋은 드라마 만들어주세요.
더운데 화이팅",2014-06-30,10.0,올리브,65653
이준기랑한주완 나온거봤다^^괜찮아^^,2014-06-28,10.0,이승기,65653
재미만 있구만 니들이 만들어 보던지 ㅋㅋㅋ,2014-06-28,10.0,직도황룡,65653
어의없는 시나리오 앞뒤가 맞지가 않아..총으로 말을 쏘는것부터..산속에서 너무 어이도 없네..중국 영화 한편 보는듯..,2014-06-28,3.0,한우리,65653
한복 넘 이쁘네..,2014-06-28,8.0,arranger1,65653
재밌네요~,2014-06-28,10.0,harok1925,65653
상황설정 캐릭터 설정 대사가 아주 개판이네 듣보잡 작가티 너무난다 시청률 10%못넘을듯,2014-06-28,0.0,빌그로스,65653
갈수록 더 흥미진진!! 앞으로 더 기대할게요!,2014-06-30,10.0,동동,65653
사건이 본격적으로 전개되고 윤강이가 각성할수록 점점 더 기대가 됩니다. 작가님 글빨 내려서 계속 잘 써주시길 바랍니다.,2014-06-30,10.0,좋은날,65653
넘 재밌어요..역시 이런역할은 이준기가 넘 잘하네요..연기도 잘하고 액션도 멋지고~~스토리도 지금까지는 너무 재밌네요..끝까지 재밌었음 좋겠어요.. 이준기 정말 멋져요~~,2014-06-30,10.0,헬미온,65653
"무지 재미있음, 이준기 짱!!!",2014-06-30,10.0,리얼리티,65653
첫느낌이 좋아요 남여 주연도 다 좋구요^^,2014-06-28,8.0,사랑앓이,65653
이준기 남상미 화이팅,2014-06-28,10.0,모니터,65653
넘 재밌네요~~ 이준기 fighting!,2014-06-28,10.0,LINY,65653
어캐 한국드라마들은 죄다 스토리구성이 매번 똑같냐?부모죽음 ->복수 과정에서의 사랑 -> 귀인의 도움 등등... 스토리들이 맨날 똑같에~~~~이러니 시청률 10% 넘기기도 힘들지....눈높이가 높아져서 이제 진부한 스토리로는 잘 안된다니까....,2014-06-28,4.0,최강윤미,65653
출연자들이 쓰는 총이 죄다 1940년대 2차대전때나 사용하던 총들 입니다.그리고 미군이 쓰던 총이라고 나온건 아리사카 38 즉 일본 제국군이 쓰던 총이고고증 좀 제대로 하세요 이게 뭡니까,2014-06-28,0.0,vicious,65653
헐.유오성이 전혜빈 아버지라니 너무 미스캐스트 아냐?아버지가 젊어.ㅋ하긴 저시대에는 꼬마신랑이 있었으니..,2014-06-28,9.0,singer,65653
"1,2회 꿀잼^^ 20회까지 지금처럼만 잘해주세요~ 넘 잼나요~",2014-06-28,10.0,수기얌,65653
앞으로 전개가 궁금해지는 드라마 두 주인공들의 연기가 넘 귀여워요,2014-06-28,10.0,은,65653
친일파 드라마 꺼져,2014-06-28,0.0,촛불자전거,65653
이준기 연기력에 다른 중견 배우들의 연기력까지 정말 스토리만 이상하게 전개안된다면 개늑시 같은 훌륭한 작품이 되리라 믿어요,2014-06-28,10.0,좋은친구,65653
재미있고 주인공들의 러브라인 설레세요 믿고보는 남상미 이준기~~~~최재성 유오성 조연들연기도 모두 좋네요,2014-06-28,10.0,지혜자,65653
너무재밌다..이준기연기니 믿고본다.,2014-06-28,10.0,별성빛날휘,65653
저 시대에 저런 신식 총은 없었는데,2014-06-28,10.0,mild,65653
영상 죽인다!!,2014-06-27,10.0,푸른하늘,65653
앞으로가 더 기대되는 작품.... 꿀잼 드라마 조선총잡이  홧팅!,2014-06-30,10.0,선우유,65653
3회가 기대되네요. 본방사수!,2014-06-29,10.0,가을,65653
"와, 조선총잡이 존잼 꿀잼이네요. 앞으로도 본방사수할게요.",2014-06-29,10.0,좋은날,65653
"재방봤다가 너무 재밌어서..이제 본방사수해야겠음
이준기 남상미 진짜 설레게 연기하네ㅋ 둘이 귀여움ㅎ
케미최고!",2014-06-29,10.0,jjhfe,65653
"주조연,단역 모두 연기가 뛰어나시고 연출도 스토리도 뛰어납니다 최고의 드라마예요!",2014-06-29,10.0,zhunjiamao,65653
넘 재미있습니다.  조선충잡이 홧팅!!,2014-06-29,10.0,모양세,65653
너무재밌다..이준기연기니 믿고본다.  good~~,2014-06-29,10.0,JGwinry,65653
아무리 퓨전사극이지만 기본적인 고증은 지켜야되지않을까?,2014-06-29,3.0,척준경,65653
스토리.영상미.시대적인 배경으로 인한 긴장감. 다좋지만 배우들의 자연스러운 연기력도 너무좋네요 ㅜㅜ,2014-06-29,10.0,내가최고,65653
허술한 점이 너무 많다. 좀더 현실감 있었으면 좋겠다,2014-06-29,2.0,우유로컸다,65653
잘 봤어요.연기도 좋고 스토리도 재밌다.,2014-06-29,10.0,정숙,65653
"판타지 액션 로맨스 사극이라 했건만 참 드라마를 드라마로 안보구 평점 테러는...쯧...그렇게 따지면 영화,드라마 왜 보냐? 다큐를 보지? 암튼 조선총잡이 대박 재밌다~~~ㅋㅋ",2014-06-29,10.0,수기얌,65653
아니 조선시대 총인데 탄피가 21세기,2014-06-29,2.0,잉여잉여,65653
조선시대라는데 사용된 총기가 웃음만 나옴. 타임머신타고 가져왔나.,2014-06-29,1.0,김씨더맥스,65653
"그래, 미니시리즈가 이래야지, 다음회가 궁금해 미치겠어, 일주일 어떻게 기다려, 이런 소리가 저절로 나와야지, 봐도 그만 안 봐도 그만인 드라마는 자격 없음! 조선총잡이 대박! 땡큐!",2014-06-27,10.0,미니,65653
재밌어~,2014-06-27,10.0,찌찌뽕,65653
존잼!! ㅋㅋ 유오성 카리스마 쩐다 ㄷㄷ,2014-06-27,10.0,내가나를모르는데타타타,65653
조선총잡이  재미 있어요,2014-06-26,10.0,k하경,65653
"잼나요~~~!! 간만에 챙겨볼 드라마 생겼네요
유오성 넘 무섭~~~~",2014-06-26,10.0,zaqwsx,65653
굿,2014-06-26,10.0,장독대,65653
공주의 남자이후로 이렇게 볼만한 드라마는 간만에보네요 후후,2014-06-26,10.0,RealMaMa,65653
조선총잡이 대박!!,2014-06-28,10.0,모양세,65653
"스릴있구 잼있네요^^
예고편 없어 아쉬울 정도로^^",2014-06-28,9.0,한울이,65653
이준기씨 드라마 넘 잘보고 있어용~~시청률에 연연하지 마시고 좋은 연기 부탁드려요~~시청률은 작품성과는 별개인것같아요 투윅스때 증명됐듯이...점점 불오른 연기에 감탄하네요 조선 총잡이팀 힘내시고 좋은 작품 기대할께요~이준기 화이팅!!^^,2014-06-27,10.0,수호천사,65653
이준기 ♡ 남상미,2014-06-27,10.0,하는일마다잘되리라,65653
1회보다 2회가 더 재미있었어요! 담주 3회도 기대!!!,2014-06-27,7.0,카라,65653
개화기 배경으로 하는 드라마가 흔하지 않은데....역사적 어려움 속에서도 희망을 가진 사람들의 이야기가 되지 않을까.기대가 큽니다.,2014-06-27,10.0,자연인,65653
난 이준기가 이렇게 연기 잘하는지 몰랐다...물흐르 듯 연기하더라 남상미 너무 귀여워~~~ ㅎㅎㅎㅎㅎㅎ 코알라 같이 생겼엉 ㅋㅋㅋㅋㅋㅋㅋ여튼 둘이 넘 잘어울리고 재밌게 보고 있습니다~,2014-06-27,10.0,AURANIDEA,65653
지금 2회까지 잘 보고 있어요. 배우들의 멋진 연기는 좋은데 스토리 부분부분 늘어지는 장면들이 몇몇개 있음. 또 여주 케릭터랑 남상미랑은 약간 안어울림; 더 곱상하고 쾌활한 이미지였으면 좋았을걸ㅜㅜ,2014-06-27,2.0,Mikaro,65653
아직은 기대를 갖지만 웬지..............,2014-06-27,5.0,우유로컸다,65653
믿고보는 이준기 너무예쁘고 귀여운 남상미 조선총잡이 넘 재밌네요,2014-06-27,10.0,qost,65653
왕의남자 일지매 등등에서 보여준 대로 이준기 연기 너무 잘하고 남상미는 이쁘고 귀엽네요 ㅋㅋ,2014-06-27,10.0,coremath,65653
재밌네요 개늑시 이후7년여만에 만난 남상미 이준기 연기 조화가 참 보기좋고 긴장감도 있고 다음회가 기대 되네요,2014-06-27,10.0,bruchaga,65653
good!!,2014-06-27,10.0,young,65653
믿고 보는 이준기... 흥미진진,2014-06-26,10.0,Black_Impact,65653
오늘 잠깐 봤는데 딱 보니 이준기 친구가 수상함. 나중에 반전으로 등장하지않을까 추측. 호텔킹에서도 초반부터 백미녀가 차재완 엄마일거라 촉이 왔었는데 여기서도 보자마자 왠지 그냥 그럴거라는 촉이 오네요. 한국드라마 쫌 뻔하쟎아요,2014-06-26,10.0,나무,65653
믿고보는 이준기!!!,2014-06-26,10.0,봄찬,65653
믿고 보는 조선총잡이~!! 아자아자 대박나자~!!! ♡,2014-06-26,10.0,별빛사랑,65653
너무 재미있어요. 이준기씨 역시  멋집니다. 사극은 여러 가지로 어려운데  출연진  여러분 화이팅!!!,2014-06-26,10.0,wnqn555,65653
2회 너무 재미있게 봤어요. 이준기 남상미 연기합도 훌륭하네요.,2014-06-27,10.0,모니터,65653
보면볼수록 공주의 남자 같애 ㅋㅋㅋㅋㅋ,2014-06-27,8.0,유니몰,65653
너무재밌어요ㅜㅜ둘다잘어울리고 이준기너무잘생기구연기짱잘함 ㅜㅜㅜㅜ달달터져욤,2014-06-27,10.0,내가최고,65653
진짜 시간가는게 아까울만큼 재밌었네.. 앞으로도 기대!!!!,2014-06-26,10.0,붉은노을,65653
역시 이준기는 사극이얌,2014-06-26,10.0,이솔비,65653
조선 총잡이  짱잼나용,2014-06-26,10.0,이삐,65653
하하....완전 재밌어요.,2014-06-26,10.0,유려군,65653
넘 재미있었습니다. 조선총잡이  홧팅!!,2014-06-26,10.0,모양세,65653
너무 재미있는듯~어제보면서 심장터지는줄알았음~,2014-06-26,10.0,jungsuk,65653
이준기는 신민아랑 할땐 정말 설레어 하는 것 같아 아랑사또전 보면서 같이 설레었는데 남상미는 그냥 동료로 편하게 생각하는 것 같아 보면서 하나도 안 설렘. 솔직히 남상미는 이제 풋풋함이 없더라. 전개는 지루하고 온통 클리쉐 투성이.,2014-06-26,6.0,이비,65653
이준기랑한주완나온거봤음^^,2014-06-26,10.0,이승기,65653
"음 내가 1회밖에 안봐서 그런지는 모르겠으나.이준기 보니 일지매 같고 전체 내용보니 왠지 성균관 스캔들이 생각나고,, 남상미랑 이준기 캐미가 개늑시에서는 갑이었으나,, 왠지여기선 안맞는듯,,,",2014-06-26,6.0,못말리는깡통,65653
영화같은 영상과  배우들의  연기가  쌈박함.끝까지  본방사수합니다,2014-06-26,10.0,푸른꿈,65653
와.....진짜 재미없어요....,2014-06-26,0.0,이승기2013,65653
"개늑시팬이라 주연분들 나와서 기대했는데 이준기 여동생 발음이 왜 그리 안좋은 지..잘하는 아역 많은데 옥에 티네요. 그리고 최재성씨가 일찍 퇴장할 것 같아서 불안..;;그래고 이준기, 남상미 케미좋고.. 기대됩니다.",2014-06-26,10.0,freeyourmind,65653
굿~~~~~~~~~~,2014-06-26,10.0,ana,65653
"이준기 씨, 남상미 씨 드라마에서 잘될거같은...",2014-06-26,10.0,다향,65653
홧팅!,2014-06-26,10.0,blackmoons,65653
준기 상미 화이팅~!!,2014-06-26,10.0,여우비,65653
시골 처자가   서울 상경    남상미  화이팅...,2014-06-26,10.0,호박꽃,65653
수목 볼게 생겼어요~~~ 준기랑 상미 둘다 좋아요~,2014-06-26,10.0,핑크고래,65653
딴건잘몰라도총이너무신식임우리나라가볼트액션총기를쓴게광복군임그전에는다화승총이나머스킷인데볼트액션이나래버액션총이라니........그냥소설보듯이보는게답일듯,2014-06-26,5.0,suh taekwondo,65653
남자배우들은 다 괜찬은데.. 여배우들............................. 노. 답. 임. ㅋㅋㅋㅋㅋㅋㅋㅋㅋㅋㅋㅋㅋㅋㅋㅋㅋㅋㅋㅋㅋㅋㅋㅋㅋㅋㅋㅋㅋㅋㅋㅋㅋㅋㅋㅋㅋㅋㅋㅋㅋㅋㅋㅋㅋㅋㅋㅋㅋㅋㅋㅋㅋㅋㅋㅋㅋㅋㅋㅋㅋㅋㅋㅋ어색해 미치겠어요......................................,2014-06-26,3.0,아륜,65653
이준기씨 연기 보느라 시간가는줄 몰랐습니다. 영상도 아름답고 시대배경도 신선하고 앞으로도 본방사수 할게요. 화이팅,2014-06-26,10.0,모니터,65653
이준기. 언제부턴가 그냥 믿고 보게 되는 배우. 화이팅~~!!!,2014-06-26,10.0,traveler,65653
너무 재미있습니다.. 내일도 본방사수,2014-06-26,10.0,플라워,65653
"연기자들 연기도 좋고, 화면도 이쁘고 오래만에 이런 드라마 보니까 좋네요.",2014-06-26,10.0,jinshuyi85,65653
현재 딴 거 볼만한게 없음. 개과천선도 끝이고... 이방인은 내용이 이상하게 돌아가고...,2014-06-26,5.0,도깹,65653
오늘이 더 기대됨^^,2014-06-26,10.0,가을,65653
믿고보는 이준기! 짠내나는 배우!,2014-06-26,10.0,한여인,65653
진짜 잼나서 시간가는줄 몰랐음~~~오늘 2부도 닥기대!!!!,2014-06-26,10.0,J윤마이준,65653
스토리도 좋고 배우들 연기도 좋고 굿굿굿,2014-06-26,10.0,안녕하소서,65653
"주조연,단역 모두 연기가 뛰어나시고  연출도 스토리도 뛰어납니다 최고의 드라마예요!",2014-06-26,10.0,한봄,65653
오오오 기대기대 한주완 나오는거 더 기대기대~~~+ㅁ+,2014-06-26,10.0,바니,65653
존잼~두 분 잘 어울렸어요,2014-06-26,10.0,히미츠와필교,65653
짱짱이었어요 무조건 본방사수~~!!,2014-06-26,10.0,동실,65653
글쎄...........3회만 보면 싫증이 날 수도,2014-06-26,3.0,우유로컸다,65653
간만에 본방사수하고싶은 드라마 만난듯-,2014-06-26,8.0,Serendipper,65653
"이준기씨 연기 너무 좋은데 남상미씨는 자꾸 애기목소리 내는게 너무 거슬려요 ㅠㅠ 오바해서 어린척, 밝은척좀하지마요...",2014-06-26,7.0,짤막돌이,65653
어설픈 남장(여자가)하지마라. 그런드라마는 안본다.보톡하고 성형티가나는 배우들 쓰지마라 조선시대면  거기에맞는 얼굴을등장시켜라.,2014-06-26,6.0,황금돼지,65653
각시탈 거부했던 꿀땡보질 연예병사 나와서 안본다 ㅋ,2014-06-26,0.0,개나소나전설,65653
첫방송부터 눈길을 끈다. 조선총잡이 본방 사수해야 할 듯...... 기대된다.....,2014-06-26,10.0,파란 하늘,65653
fighting,2014-06-26,10.0,오옥하,65653
저때 저런 총 있었으면 강화도조약 같은 일은 없었을꺼다. ㅋㅋ,2014-06-25,2.0,간디,65653
재밌네요...앞으로도 쭈욱,2014-06-25,10.0,차이라떼,65653
개늑시 팀이 다시 모였구나!! ㅋㅋㅋ 기대된다이~ 아직 첫회라 감이 잘 안잡히지만~  흥행할 듯! 화이팅,2014-06-25,9.0,그럼에도불구하고직진,65653
재미있는 것 같아요.,2014-06-25,10.0,유려군,65653
作为李准基的粉丝，看完觉得偶吧的演技需要提高，还需要更好的管理自己的脸和发型，古装你瘦一点更上镜。发型真是，一定要换发型师，毁啊。特别企划的剧，整体不错，作为李准基粉丝，所以更留意细节。希望能改进，祝收视大发，和南相美第二次合作，看起来很不错，南演的很可爱！,2014-06-25,10.0,linjoongi,65653
졸잼,2014-06-25,10.0,pch0457,65653
기대에 못미침 더 지켜봐야 알듯,2014-06-25,5.0,그냥그렇게,65653
기대보다 별로네요.,2014-06-26,5.0,벌막훈이,65653
준기 믿고 보는데 괜찮네. 일지매때의 이쁜 준기가 아냐ㅠㅜ 한효주랑 더 어울렸는데ㅡ 암튼 준기 멋진 모습 자주 나오길~,2014-06-25,8.0,딸기향샴프,65653
조선총잡이!!대박!!,2014-06-25,10.0,gg,65653
기대~~,2014-06-25,10.0,오늘,65653
믿고보는 이준기 남상미,2014-06-25,9.0,사야,65653
본방사수~!! 조선종잡이 대박~!!!!! 이루어져라~^^♡,2014-06-25,10.0,별빛사랑,65653
나도 보던거 보다가.. 나중에 화제대면볼게여..ㄷ,2014-06-25,6.0,shield,65653
이준기씨는 목소리톤도 좋고 자연스러운 연기도 좋고...자연스러운 연기에 몰입도가 되네요..그외 최재성님 유오성 남명렬 이민우 등등.. 명품 선배들의 모습까지....본방 사수 할께요^^,2014-06-26,6.0,카라,65653
출연하시는 분들 대부분의 연기력이 뒤받침 되니 머 믿고볼수 있을듯. 완전 기대됨,2014-06-26,10.0,sstkelly,65653
진짜 상미 누나 팬인데ㅜㅜ 누나에겐 미안해요.... 요즘 보면 나무액터스도 언플 좀 심하게 쩌는듯 ㄷㄷ ㄷㄷㄷ 신세경 문근영 망하고 아무리 ㅇ준기 혜빈 살려야 한다지만 그래도 적당히 하하하쇼~kbs는 진짜 화이팅!,2014-06-26,0.0,이수연,65653
"남삼미...ㅜ
좀더 상큼한분위기  배우는없었나...
넘 안어울린다",2014-06-26,7.0,도로시,65653
오늘 밤 기대됩니다. 조선총잡이~,2014-06-25,10.0,모양세,65653
눈 찢어진애 나오네...보기가 너무 불편해 그 눈.,2014-06-25,1.0,비위생제조돼지바,65653
별로 인기있는 사람이 안나오네요....그냥 너포위 봅시다..,2014-06-25,0.0,이승기2013,65653
드이어 이날이 오네요 기대기대~~,2014-06-25,10.0,동실,65653
오늘이다~,2014-06-25,10.0,Nevermind,65653
와~~~~우 넘넘 잼나~~~~^^준기 상미 홧팅~~~^^,2014-06-26,10.0,풀하우스,65653
기대 안했는데 재밌드라~이준기 봐도봐도 이뽀~~ㅎㅎ,2014-06-26,9.0,행복이,65653
한시간이 어떻게 갔는지 모르게 봤네요. 앞으로 더욱 더 재밌어졌으면 좋겠습니다~,2014-06-26,9.0,초설,65653
몰입감이라곤 찾아볼수 없는 밋밋해서 채널 돌렸음,2014-06-26,3.0,바람처럼,65653
"탄탄한 주연, 탄탄한 조연, 탄탄한 연출진. 합이 잘 맞는 웰메이드 드라마 오랜만에 만난 것 같아요...본방 사수 아깝지 않습니다...끝까지 긴장하고 잘 만들어 주세요 ^^",2014-06-26,9.0,엉뚱이,65653
이준기는 작품 보는 눈 하나는 타고난듯.. ^^  앞으로 전개를 지켜봐야겠지만 만족스러운 드라마로 기억될것 같다....,2014-06-26,10.0,지용의보살,65653
기대이상♥꿀잼♥♥,2014-06-26,10.0,해피바이러스,65653
"기대이상은 아니지만 그럭저럭,,",2014-06-26,5.0,비팀비아이,65653
공주의남자랑분위가가되게비슷하네요,2014-06-26,8.0,유니몰,65653
아직은정확히무슨내용잊지알수가없쓰니까!!!!!!!!!!!!!!!!!!!!!!!!!!!!!!!!!이준기화이팅만하연다!!!!!!!!!!!!!!!!!!!!!!!!!!!!!!!!!!!!!근대설마ㅜㅜ...홍길동내용이랑비쓰한것갖다!!!!!!!!!!!!!!!!!!!!!!!!!!!!!!!!!!!!!!!!!!!!!!!!!,2014-06-26,10.0,나근영,65653
조선시대 조총이 아닌 현대식 총이 나오내 고증이나 하지,2014-06-26,5.0,jupiterblue,65653
역시 이준기 연기는 보는 맛이 있어,2014-06-26,10.0,조선엔어의,65653
"잼있을듯 오랫만에 보는 남여 주인공도 반갑고 수,목 밤을 부담없이 즐기게 해주길 바란다!오늘 첫방 기대감으로 만점 준다!",2014-06-26,10.0,멋진하루,65653
조선. 총잡이 화이팅입니다~~,2014-06-25,10.0,부엉이-_-,65653
빨리 보고싶다 준기 상미 완죤 좋와~~^^,2014-06-25,10.0,풀하우스,65653
이준기 하나만으로도 기대되는 작품인데......개늑시 이후로 남상미하고 다시한번 호흡맞추게되서 더욱 기대되네여.......,2014-06-24,10.0,낮에뜨는달,65653
본방사수합니다.  조선총잡이 대박 기원~,2014-06-23,10.0,모양세,65653
본방사수합니다. 이준기 이름 석자만 믿고 갑니다,2014-06-23,10.0,하늘이야기,65653
언니이름을 걸고 보죠.,2014-06-22,10.0,김서은,65653
하... 기황후조차 제대로 안 봤던 나를 노예로 만들 작품이 드디어 나왔네. 1화부터 본방사수 들어갑니다.,2014-06-22,10.0,Clad,65653
기대들 많이 하시드라구요 ㅎㅎㅎ,2014-06-22,10.0,소사,65653
"완전 기대중~
이준기,이름 석자만으로 믿고 보겠습니다!!",2014-06-22,10.0,반짝이,65653
"이준기,남상미의 재회!!!!! 개늑시 이후로 조선총잡이도 대박나길! 드라마 완전 기대♥♥",2014-06-21,10.0,하루이,65653
6.25만 기다립니다.^^~~~,2014-06-19,10.0,동실,65653
"오랜만에 볼만한 드라마 생긴듯.
기대만큼 좋은 작품이길..",2014-06-19,10.0,뽈따구섹시점,65653
멋진영상,2014-06-26,10.0,박신애,65653
저 시대에 저런 총알이 있었을리가~,2014-06-26,0.0,민경이얌,65653
도대체 남상미는 어떻게 드라마여주인공이 되는것이지? 얼굴도 어두컴컴하고 각진얼굴에 연기도 안되고 이제 나이까지 들어서 아줌마느낌까지 나드만...재미있어진다면 정말 여배우는 제끼고 보든지 해야겄다.,2014-06-26,0.0,냐물냐물,65653
담주 기대됩니다~ 조선총잡이 화이팅!!,2014-06-19,10.0,모양세,65653
조선총잡이?,2014-06-19,1.0,sdhlsfdlks,65653
전혜빈씨나와서내가보눈데대박난다니까요~ 요즘기황후뒤볼거없는데이거재밌다니까.순간적인그때의내느낌운틀린적이없지.깜놀..ㅋ,2014-06-18,10.0,내가다맞출께 ㅋ,65653
항상 기대되는 몸을 아끼지 않는 배우! 완전기대기대!!!,2014-06-17,10.0,웃고살기힘들어,65653
다음주 시작이네~전혜빈도 기대한다,2014-06-17,10.0,유정우,65653
다음주 시작이네요 기대됩니다.^^,2014-06-16,10.0,모양세,65653
예고편이 멋지긴 한데 액션씬이 많아서 여자들도 좋아할 수 있을지 모르겠네요.,2014-06-16,7.0,blue,65653
"이준기-남상미-최재성 개늑시멤버와 유오성,이민우까지....완전 대박 캐스팅이네요, 조선총잡이 기대만빵이예요",2014-06-16,10.0,수기얌,65653
이준기라서 닥치고 기대해봅니다,2014-06-15,10.0,허민,65653
"선별점 후감상! 7년만에 개늑시커플이 다시 만난다니, 완전 기대됩니다. 멋진 작품 기대하고 있어요♥",2014-06-15,10.0,블루엔딩,65653
이준기남상미최재성씨 7년만에 한드라마에서 다시보게되다니 너무기대됩니다ㅠ,2014-06-14,10.0,용ㅋ,65653
어이준기랑남상미랑한주완이랑유오성까지나오네^^,2014-06-13,10.0,이혁씨엔블루,65653
기다리고 있습니다.,2014-06-13,10.0,모양세,65653
다음엔 좀더 달달한 한복 입은 화사한 티저나 예고도 보고 싶네요. 스토리도 탄탄하고 재미있길 바랍니다. 작가님 잘 부탁드려요.,2014-06-13,10.0,좋은날,65653
기다리고 잇슴,2014-06-12,10.0,파란하늘,65653
남상미&이준기!!  포스터 속 두배우의 눈빛만으로도 벌써 떨려옵니다!  조선총잡이 화이팅~~~!!,2014-06-12,10.0,레몬케익,65653
준기&상미 두 배우 모두 인생 최고의 작품이 되길 기원해여!!! 조선총잡이 대박!!!!,2014-06-12,10.0,lovepig,65653
"완전 기대만빵, 이준기, 남상미, 전혜빈 제가 좋아하는 배우만 나오네요. 대박나길. 이준기는 참 멋진 배우, 흔해빠진 드라마를 안해서 좋다. 이준기가 하는 드라마는 다 멋진듯.남상미도 매우 좋고요. 전혜빈 급 좋아졌어요.",2014-06-10,10.0,휴먼에이지,65653
"완전 기대만빵, 이준기, 남상미, 전혜빈 제가 좋아하는 배우만 나오네요. 대박나길. 이준기는 참 멋진 배우, 흔해빠진 드라마를 안해서 좋다. 이준기가 하는 드라마는 다 멋진듯.남상미도 매우 좋고요. 전혜빈 급 좋아졌어요.",2014-06-10,10.0,휴먼에이지,65653
개늑시 주연들..기대하고 믿고볼랍니다.빨리보고싶네용,2014-06-10,9.0,나를사랑한SPY,65653
준기&상미 케미 대박~!!! 조선총잡이 대박 예감~^^,2014-06-12,10.0,김민영,65653
빨리 보고싶다 준기 상미~~^^넘넘 잘~어울려~^^개늑시때도 왕팬이였는데~^^,2014-06-12,10.0,풀하우스,65653
상미양 단아하고 예쁘기만 하구만...ㅎㅎ 조총대박나라~!! ^^,2014-06-12,10.0,eldass,65653
"우왓 준기다.ㅎㅎㅎ
남상미...쫌 안어울리는데...",2014-06-11,9.0,마이콜,65653
조선총잡이 대박나자! 화이팅!,2014-06-11,10.0,좋은날,65653
내 가 너무나 도 사랑 이 준 기,2014-06-10,10.0,guomin,65653
기대만빵입니다. 닥본사에요~~,2014-06-10,10.0,동실,65653
기대하고 있습니다.,2014-06-10,10.0,차단고양이,65653
"조선총잡이 완전 기대합니다♡♡♡
배우님들 화이팅!!!!",2014-06-09,10.0,미영,65653
조선총잡이 대박 기원합니다. ^^,2014-06-09,10.0,모양세,65653
송윤아 욕하지 마세요 ㅠㅠ,2014-06-09,0.0,ddiddkdkcl,65653
6월25일이 기다려지네요~ 한주완님~ 화이팅하세용~~!,2014-06-08,10.0,소금인형,65653
티저보니까 기대됩니다~!! 믿고보는 배우 이준기가  나오니 더 기대되요~!! 벌써 내용이 궁금합니다!!,2014-06-07,10.0,byun fresh,65653
포스터가 멋지네여 근데 또 남상미씨랑 하네요??ㅎㅎ,2014-06-07,9.0,밍,65653
빨리빨리25일이왔음좋겟어용~~~완존기대중~~~☆☆,2014-06-05,10.0,준기오빠스타일,65653
드라마에만많이많이놔오신다면좋습니다이준기씨!!!!!!!!!!!!!!!!!!!!!!!!!!!!!!!!!!!!!!알고계시지요저는장애가있어서영화는볼수가없다는걸!!!!!!!!!!!!!!!!!!!!!!!!!!!!!!!!!!!!!!!!!!드라마출연는자주많이해주세요이준기씨!!!!!!!!!!!!!!!!!!!!!!!!!!!!!!!!!!!!!!!!!!!!!!,2014-06-05,10.0,나근영,65653
기대 많이 하고 첫방송 기다리고 있습니다. '조선 총잡이' 박윤강 이준기 화이팅~!!,2014-06-05,10.0,한국영화만세,65653
무조건 본방사수!!!!!!!^^ 이준기의 연기력을 믿으니까 ㅎㅎ,2014-06-05,10.0,진심,65653
공주의 남자 만한 연출  배우들의 캐미만큼 기대해도 될까요 ?,2014-06-04,6.0,rornfl,65653
대박 조선총잡이 기대됩니다. ~,2014-06-04,10.0,모양세,65653
멋있게 해 주세용!!!!,2014-06-01,10.0,유려군,65653
조선충잡이 대박나기를~~,2014-05-31,10.0,모양세,65653
큰 기대가 된다.,2014-05-30,10.0,유려군,65653
전혜빈씨 화이팅입니다 좋은 연기 부탁드리고..대박나세요!!!,2014-06-02,10.0,마트,65653
"대박 기대해요
이준기 멋쟁이",2014-06-02,10.0,쿠키,65653
대박 이준기 짱,2014-06-02,10.0,쿠키,65653
하루야 니가 뭔데 송윤아를 욕하니??,2014-05-30,0.0,김진표,65653
믿고 보는 배우 이준기님~ 좋은 연기 기대합니다!!,2014-05-29,10.0,do-or-die,65653
이준기 조선총잡이 기대중 .....이준기화이팅,2014-05-27,10.0,ㅎㅎ,65653
"이준기씨도 좋아하지만 이민우씨 팬이에요~
이런 댓글 첨인데 이민우씨 응원하고 싶어서 남겨요~
본방사수할게요~~^^",2014-05-26,10.0,데이,65653
"이준기,남상미씨 멜로 기대합니다. 조선총잡이 파이팅 !!!!!!!!",2014-05-25,10.0,ㅎㅎㅎ,65653
전혜빈씨 퐈이팅요! 기대됩니다.조선총잡이!,2014-05-24,10.0,ㅋㅋㅋㅋ,65653
통쾌하고 신나는 드라마가 되길 바랍니다,2014-05-24,10.0,일루아,65653
최고의 배우 이준기님 응원합니다. 대박기원~~,2014-05-23,10.0,모양세,65653
최고의 연기력을 장전한 이준기와 다른 배우들 라인업만 봐도 기대만땅이예요! 스토리도 받쳐주길 제발... 6월만 손꼽아 기다리구있어요,2014-05-23,10.0,x-러브,65653
정말 큰 기대가 됩니다.6월이 빨리 오면 좋겠습니다.....,2014-05-22,10.0,유려군,65653
상미&준기 케미커플 연기 또 볼 수 있다니 ㅠㅠ...6월 설레며 기다릴께요~홧팅!!,2014-05-20,10.0,lovepig,65653
이준기 남상미씨 개늑시 완전 광팬이였어요 와 기대만땅입니다~^^,2014-05-18,10.0,풀하우스,65653
혜빈언니도 나오는 군요~ 와아~좋아요♥전 언니 사랑해요 수헬리에서 언니의 연기보고더 반했던 기억이 있어요~정글의 법칙 심장이 뛴다. 언니는 정말 최고 입니다~,2014-05-17,10.0,fffffo,65653
개늑시의 주인공 재회부터 기대만발~~~ 이준기 조총 홧팅!!!,2014-05-16,10.0,J윤마이준,65653
조선총잡이 대박나자!!!,2014-05-04,10.0,좋은날,65653
믿고보는 배우^^,2014-05-04,10.0,유정애,65653
오~이준기 대박,2014-05-04,10.0,신예,65653
무엇보다 대사빨 줄거리 미치도록 신선하고  재미있길 바랍니다. 카타르시스는 맛보고 싶지만 골치가 아픈게아니라 스토리가  통쾌하면서한편으로  두근거리며 보고 싶네요.배우 이준기 액션 연기 비주얼 모두 기대하고  감독님과 이준기 조합이 정말 굼굼합니다.,2014-05-02,10.0,공작왕1,65653
딴사람들은 모르겠고 ㅋ 국민 언니 ㅋ 전혜빈씨 캐스팅되어 나온다고해서 봅니다.자아~제가 감히말하는데 조선총잡이 대박날겁니다.제가 관심을 가지고 보니까~ 느낌아니까...ㅋ 전혜빈 화이팅!!,2014-05-01,10.0,행복나무,65653
기대만땅 무조건 믿는 배우 이준기 화이팅~~,2014-05-14,10.0,뚜엉이,65653
조선 총잡이 화이팅~!!기대하고 있습니다~^^,2014-05-14,10.0,jungsuk,65653
조선총잡이 대박기원~,2014-05-10,10.0,모양세,65653
개늑시 커플♡ 완전 기대되요!! 이준기오빠의 액션연기 완전 기대되욧!!,2014-04-30,10.0,내사랑황꽁이,65653
전엔 말도 안되는 작품성 없는 드라마에 밀렸지만 이번엔 제대로 대박나시길! 준기님 없으면 볼 드라마도 없습니다.,2014-04-30,10.0,윤지연,65653
"기대만발~
이준기 대박날거야~!!!",2014-04-29,10.0,릴리정2,65653
많이 많이 기대됩니다~!^^ 대박나길~,2014-04-29,10.0,아낌없이주는나무,65653
개늑시 커플의 재회만으로도 본방사수 확정!!^^,2014-04-29,10.0,히미츠와필교,65653
"최고의 연기력을 가춘 이준기님의 연기를 볼수 있다니 너무 행복하네요!! 더 멋진액션과 감성적 멜로가 있는 ""  조선 총잡이 "" 많이  기대하고 있을께요~♡♡",2014-04-29,10.0,joongi0568,65653
조선 총잡이 ~박윤강~!! Fighting!!!!!!!,2014-04-27,10.0,junyon,65653
기다리고 기다렸던 한주완 볼 수 있어서 정말 다행!!! <왕가네 식구들>에서 가장 돋보였던 상남자 - 한주완 대박나길.....이준기도 물론 그 외 출연진 모두 기대합니다.,2014-04-27,10.0,개똥벌레,65653
"세상에나~ 제가 좋아하는 배우들 총 출동하나요? 이준기,남상미,최재성 이라니...개늑시2 탄생인가요? 거기다 사극 왕자 이민우, 개성파배우 유오성까지... 올 여름 조선총잡이로 또한번 뜨겁겠네요^^",2014-04-26,10.0,해피바이러스,65653
너무기대되는 작품이예요^^,2014-04-26,10.0,퉁이,65653
남상미 화이팅~~^^,2014-04-24,10.0,앙증이,65653
너무 기대되요~,2014-04-23,10.0,야리뽀,65653
조총대박!!!!!!!,2014-04-21,10.0,악마,65653
와우~ 대박나세요^^,2014-04-23,10.0,모양세,65653
완전 기대하고 있습니다~~~대박나세요~~,2014-04-23,10.0,동실,65653
개늑시 커플만으로도 만점!!,2014-04-22,10.0,히미츠와필교,65653
대박!!,2014-04-21,10.0,김예나,65653
조선총잡이 대박나랏!!!!!화이팅~~~~,2014-04-20,10.0,한슬이,65653
무조건 본방 사수 배우님 화이팅!!!,2014-04-20,10.0,해성,65653
"울 준기님 나오는 드라마라면 당근 본방사수 해야죵!!
얼른 6월이 왔으면 ㅋㅋㅋ 근데 6월에 시작하면 한참 더워질텐데... 액션연기면 많이 힘들텐데.. 몸 상할까 걱정이네요. 몸사리지 않는걸루 유명한데 몸 사리지 말고 하라고 하고 싶지만 몸사리면 배우가 아니죵!! 화이팅 하시공 너무너무 기대됩니다.",2014-04-15,10.0,박민화,65653
오~이준기 대박,2014-04-14,10.0,하루,65653
정말 기대된다. ^^,2014-04-14,10.0,가을,65653
조선 총잡이 ㅋㅋㅋㅋㅋㅋㅋㅋ,2014-04-12,10.0,AYA,65653
조선총잡이 대박나기를 기원합니다.,2014-04-12,10.0,모양세,65653
배우만 봐도 10점이다ㅋㅋ 연기는 말할것도 없이 잘할거 같고 믿고보는 감독님에 극본까지 완벽하면 인생작 될듯 조선 총잡이 파이팅~,2014-04-11,10.0,찹쌀떡,65653
期待！준기군 화이팅!,2014-04-11,10.0,fumiyaren,65653
나이스  이준기  KBS드라마  첫  출연확정  축하합니다....,2014-04-10,10.0,울산라이온즈,65653
믿고보는 이준기!!!!,2014-04-10,10.0,gemma,65653
방영 전이지만 기대치 별점 10점 준다.,2014-04-09,10.0,최은경마니아,65653
"믿고보는 배우 이준기♥
매우 기대되요 빨리 보고싶어요
무조건 닥본사",2014-04-08,10.0,bb,65653
이준기씨  본방사수합니다 빨리보고 싶어요,2014-04-08,10.0,천사,65653
기대기대 만땅입니다....그런데 이준기씨가 주인공 아닌가여?,2014-04-08,10.0,민트,65653
기대됩니다,2014-04-08,10.0,내가나를모르는데타타타,65653
주인공 이준기씨 본방 사수합니다.,2014-04-08,10.0,ㅎㅎㅎ,65653
투윅스 이후 계속 이준기를 기다려왔다. 무조건 본방 사수!!,2014-04-07,10.0,낙타,65653
